{
	"credit": "Made with Blockbench",
	"texture_size": [32, 32],
	"textures": {
		"0": "block/diamond_hoe",
		"particle": "block/diamond_hoe"
	},
	"elements": [
		{
			"from": [5.51421, 20.23947, 6.50879],
			"to": [10.51421, 25.23947, 9.50979],
			"rotation": {"angle": 45, "axis": "z", "origin": [8.01421, 22.73947, 8.00929]},
			"faces": {
				"north": {"uv": [0, 3, 2.5, 5.5], "texture": "#0"},
				"east": {"uv": [2, 5.5, 3.5, 8], "texture": "#0"},
				"south": {"uv": [2.5, 3, 0, 5.5], "texture": "#0"},
				"west": {"uv": [3.5, 5.5, 5, 8], "texture": "#0"},
				"up": {"uv": [7.5, 7.5, 5, 6], "texture": "#0"},
				"down": {"uv": [9.5, 0, 7, 1.5], "texture": "#0"}
			}
		},
		{
			"from": [7.26421, 14.4, 6.89445],
			"to": [9.26421, 21.4, 8.89445],
			"rotation": {"angle": -45, "axis": "y", "origin": [8.01421, 6.45343, 7.64445]},
			"faces": {
				"north": {"uv": [7, 1.5, 8, 5], "texture": "#0"},
				"east": {"uv": [0, 7.5, 1, 11], "texture": "#0"},
				"south": {"uv": [1, 7.5, 2, 11], "texture": "#0"},
				"west": {"uv": [5, 7.5, 6, 11], "texture": "#0"},
				"up": {"uv": [10.5, 9, 9.5, 8], "texture": "#0"},
				"down": {"uv": [10.5, 9, 9.5, 10], "texture": "#0"}
			}
		},
		{
			"from": [7.23995, 2, 7.31871],
			"to": [8.63995, 15.5, 8.71871],
			"rotation": {"angle": -45, "axis": "y", "origin": [7.98995, 7.91421, 8.06871]},
			"faces": {
				"north": {"uv": [7, 7.5, 7.5, 14.5], "texture": "#0"},
				"east": {"uv": [6, 7.5, 6.5, 14.5], "texture": "#0"},
				"south": {"uv": [6.5, 7.5, 7, 14.5], "texture": "#0"},
				"west": {"uv": [7.5, 5, 8, 12], "texture": "#0"},
				"up": {"uv": [7.5, 5.5, 7, 5], "texture": "#0"},
				"down": {"uv": [7.5, 5.5, 7, 6], "texture": "#0"}
			}
		},
		{
			"from": [6.5, 0.5, 7],
			"to": [9, 3, 9],
			"rotation": {"angle": 45, "axis": "z", "origin": [8, 2, 8]},
			"faces": {
				"north": {"uv": [8, 7, 9.5, 8.5], "texture": "#0"},
				"east": {"uv": [4, 8, 5, 9.5], "texture": "#0"},
				"south": {"uv": [8, 8.5, 9.5, 10], "texture": "#0"},
				"west": {"uv": [9.5, 0, 10.5, 1.5], "texture": "#0"},
				"up": {"uv": [3.5, 10.5, 2, 9.5], "texture": "#0"},
				"down": {"uv": [5, 9.5, 3.5, 10.5], "texture": "#0"}
			}
		},
		{
			"from": [8.01421, 21.675, 7.5095],
			"to": [13.03921, 24.875, 8.4875],
			"rotation": {"angle": 0, "axis": "y", "origin": [9.01421, 25.78, 7.50784]},
			"faces": {
				"north": {"uv": [0, 0, 2.5, 1.5], "texture": "#0"},
				"east": {"uv": [4.5, 10.5, 5, 12], "texture": "#0"},
				"south": {"uv": [2.5, 0, 0, 1.5], "texture": "#0"},
				"west": {"uv": [8, 10.5, 8.5, 12], "texture": "#0"},
				"up": {"uv": [10.5, 6.5, 8, 6], "texture": "#0"},
				"down": {"uv": [10.5, 6.5, 8, 7], "texture": "#0"}
			}
		},
		{
			"from": [11.35312, 20.86477, 7.50879],
			"to": [15.45312, 23.86477, 8.50879],
			"rotation": {"angle": -45, "axis": "z", "origin": [13.40312, 22.36477, 8.00879]},
			"faces": {
				"north": {"uv": [8, 1.5, 10, 3], "texture": "#0"},
				"east": {"uv": [10.5, 3.5, 11, 5], "texture": "#0"},
				"south": {"uv": [10, 1.5, 8, 3], "texture": "#0"},
				"west": {"uv": [4, 10.5, 4.5, 12], "texture": "#0"},
				"up": {"uv": [11.5, 7.5, 9.5, 7], "texture": "#0"},
				"down": {"uv": [11.5, 7.5, 9.5, 8], "texture": "#0"}
			}
		},
		{
			"from": [13.04974, 18.46815, 7.5095],
			"to": [17.29974, 22.71815, 8.5085],
			"rotation": {"angle": 0, "axis": "y", "origin": [15.04974, 20.71815, 8.009]},
			"faces": {
				"north": {"uv": [5, 0, 7, 2], "texture": "#0"},
				"east": {"uv": [10, 1.5, 10.5, 3.5], "texture": "#0"},
				"south": {"uv": [7, 0, 5, 2], "texture": "#0"},
				"west": {"uv": [10, 3.5, 10.5, 5.5], "texture": "#0"},
				"up": {"uv": [12, 6, 10, 5.5], "texture": "#0"},
				"down": {"uv": [10, 10, 8, 10.5], "texture": "#0"}
			}
		}
	],
	"display": {
		"thirdperson_righthand": {
			"rotation": [0, 90, 0],
			"translation": [0, -4, 0]
		},
		"thirdperson_lefthand": {
			"rotation": [0, -90, 0],
			"translation": [0, -4, 0]
		},
		"firstperson_righthand": {
			"rotation": [56.05, 84.96, -44.68],
			"translation": [-0.25, -0.25, 0],
			"scale": [0.55, 0.55, 0.55]
		},
		"firstperson_lefthand": {
			"rotation": [-105, -82, -114],
			"translation": [0, 0.25, 0],
			"scale": [0.55, 0.55, 0.55]
		},
		"ground": {
			"rotation": [12.74, 17, -28.36],
			"translation": [0, 1.75, 0],
			"scale": [0.4, 0.4, 0.4]
		},
		"gui": {
			"rotation": [140.93, 0.17, -143.26],
			"translation": [-2.5, -3.75, 0],
			"scale": [0.75, 0.75, 0.75]
		},
		"fixed": {
			"rotation": [0, 0, 45],
			"translation": [3.75, -5.5, 0],
			"scale": [0.9, 0.9, 0.9]
		}
	},
	"groups": [
		{
			"name": "bone",
			"origin": [0, 0, 0],
			"color": 0,
			"children": [0, 1, 2, 3, 4, 5, 6]
		}
	]
}