{
	"credit": "Made with Blockbench",
	"texture_size": [32, 32],
	"textures": {
		"0": "block/golden_shovel",
		"particle": "block/golden_shovel"
	},
	"elements": [
		{
			"from": [7.23995, 2, 7.31871],
			"to": [8.63995, 15, 8.71871],
			"rotation": {"angle": -45, "axis": "y", "origin": [7.98995, 7.91421, 8.06871]},
			"faces": {
				"north": {"uv": [4, 4, 4.5, 10.5], "texture": "#0"},
				"east": {"uv": [5, 4, 5.5, 10.5], "texture": "#0"},
				"south": {"uv": [4.5, 4, 5, 10.5], "texture": "#0"},
				"west": {"uv": [5.5, 4, 6, 10.5], "texture": "#0"},
				"up": {"uv": [9.5, 7.5, 9, 7], "texture": "#0"},
				"down": {"uv": [9.5, 7.5, 9, 8], "texture": "#0"}
			}
		},
		{
			"from": [6.5, 0.5, 7],
			"to": [9, 3, 9],
			"rotation": {"angle": 45, "axis": "z", "origin": [8, 2, 8]},
			"faces": {
				"north": {"uv": [6, 4, 7.5, 5.5], "texture": "#0"},
				"east": {"uv": [8, 7, 9, 8.5], "texture": "#0"},
				"south": {"uv": [6, 5.5, 7.5, 7], "texture": "#0"},
				"west": {"uv": [8.5, 0, 9.5, 1.5], "texture": "#0"},
				"up": {"uv": [2, 9.5, 0.5, 8.5], "texture": "#0"},
				"down": {"uv": [10, 1.5, 8.5, 2.5], "texture": "#0"}
			}
		},
		{
			"from": [7.26421, 15, 6.89445],
			"to": [9.26421, 23, 8.89445],
			"rotation": {"angle": -45, "axis": "y", "origin": [8.01421, 6.32843, 7.64445]},
			"faces": {
				"north": {"uv": [0, 4, 1, 8], "texture": "#0"},
				"east": {"uv": [1, 4, 2, 8], "texture": "#0"},
				"south": {"uv": [2, 4, 3, 8], "texture": "#0"},
				"west": {"uv": [3, 4, 4, 8], "texture": "#0"},
				"up": {"uv": [3, 9.5, 2, 8.5], "texture": "#0"},
				"down": {"uv": [4, 8.5, 3, 9.5], "texture": "#0"}
			}
		},
		{
			"from": [4.51005, 19.02, 7.508],
			"to": [11.51005, 27.02, 8.508],
			"rotation": {"angle": 0, "axis": "y", "origin": [4.51005, 20, 7.50805]},
			"faces": {
				"north": {"uv": [0, 0, 3.5, 4], "texture": "#0"},
				"east": {"uv": [7.5, 4.5, 8, 8.5], "texture": "#0"},
				"south": {"uv": [3.5, 0, 7, 4], "texture": "#0"},
				"west": {"uv": [0, 8, 0.5, 12], "texture": "#0"},
				"up": {"uv": [4, 8.5, 0.5, 8], "texture": "#0"},
				"down": {"uv": [11.5, 4.5, 8, 5], "texture": "#0"}
			}
		},
		{
			"from": [6.1565, 25.16645, 7.507],
			"to": [8.98493, 27.99487, 8.509],
			"rotation": {"angle": 45, "axis": "z", "origin": [6.51005, 25.52, 8.0085]},
			"faces": {
				"north": {"uv": [7, 0, 8.5, 1.5], "texture": "#0"},
				"east": {"uv": [7.5, 8.5, 8, 10], "texture": "#0"},
				"south": {"uv": [8.5, 0, 7, 1.5], "texture": "#0"},
				"west": {"uv": [8, 8.5, 8.5, 10], "texture": "#0"},
				"up": {"uv": [10, 9, 8.5, 8.5], "texture": "#0"},
				"down": {"uv": [10.5, 3, 9, 3.5], "texture": "#0"}
			}
		},
		{
			"from": [7.01507, 25.16645, 7.507],
			"to": [9.8435, 27.99487, 8.509],
			"rotation": {"angle": -45, "axis": "z", "origin": [9.48995, 25.52, 8.0085]},
			"faces": {
				"north": {"uv": [6, 7, 7.5, 8.5], "texture": "#0"},
				"east": {"uv": [6, 9, 6.5, 10.5], "texture": "#0"},
				"south": {"uv": [7.5, 7, 6, 8.5], "texture": "#0"},
				"west": {"uv": [6.5, 9, 7, 10.5], "texture": "#0"},
				"up": {"uv": [10.5, 4, 9, 3.5], "texture": "#0"},
				"down": {"uv": [10.5, 4, 9, 4.5], "texture": "#0"}
			}
		},
		{
			"from": [6.51005, 27.02, 7.508],
			"to": [9.51005, 29.02, 8.508],
			"rotation": {"angle": 0, "axis": "y", "origin": [4.51005, 21, 7.50805]},
			"faces": {
				"north": {"uv": [8, 5, 9.5, 6], "texture": "#0"},
				"east": {"uv": [7, 3, 7.5, 4], "texture": "#0"},
				"south": {"uv": [9.5, 5, 8, 6], "texture": "#0"},
				"west": {"uv": [7, 9, 7.5, 10], "texture": "#0"},
				"up": {"uv": [10, 3, 8.5, 2.5], "texture": "#0"},
				"down": {"uv": [7.5, 8.5, 6, 9], "texture": "#0"}
			}
		}
	],
	"display": {
		"thirdperson_righthand": {
			"rotation": [0, 90, 0],
			"translation": [0, -4, 0]
		},
		"thirdperson_lefthand": {
			"rotation": [0, 90, 0],
			"translation": [0, -4, 0]
		},
		"firstperson_righthand": {
			"rotation": [56.05, 84.96, -44.68],
			"translation": [-0.25, -0.25, 0],
			"scale": [0.55, 0.55, 0.55]
		},
		"firstperson_lefthand": {
			"rotation": [167, -87, 150.59],
			"translation": [-0.25, 0.25, 0],
			"scale": [0.55, 0.55, 0.55]
		},
		"ground": {
			"rotation": [12.74, 17, -28.36],
			"translation": [0, 1.75, 0],
			"scale": [0.4, 0.4, 0.4]
		},
		"gui": {
			"rotation": [140.93, 0.17, -143.26],
			"translation": [-3, -3.25, 0],
			"scale": [0.75, 0.75, 0.75]
		},
		"fixed": {
			"rotation": [0, 0, 45],
			"translation": [4.5, -4.5, 0],
			"scale": [0.9, 0.9, 0.9]
		}
	}
}