{
	"credit": "Made with Blockbench",
	"texture_size": [32, 32],
	"textures": {
		"0": "block/iron_hoe",
		"particle": "block/iron_hoe"
	},
	"elements": [
		{
			"from": [7.23995, 2, 7.31871],
			"to": [8.63995, 15, 8.71871],
			"rotation": {"angle": -45, "axis": "y", "origin": [7.98995, 7.91421, 8.06871]},
			"faces": {
				"north": {"uv": [5, 6, 5.5, 12.5], "texture": "#0"},
				"east": {"uv": [5.5, 6, 6, 12.5], "texture": "#0"},
				"south": {"uv": [6, 6, 6.5, 12.5], "texture": "#0"},
				"west": {"uv": [0, 6.5, 0.5, 13], "texture": "#0"},
				"up": {"uv": [9, 6.5, 8.5, 6], "texture": "#0"},
				"down": {"uv": [7, 8.5, 6.5, 9], "texture": "#0"}
			}
		},
		{
			"from": [6.5, 0.5, 7],
			"to": [9, 3, 9],
			"rotation": {"angle": 45, "axis": "z", "origin": [8, 2, 8]},
			"faces": {
				"north": {"uv": [0.5, 6.5, 2, 8], "texture": "#0"},
				"east": {"uv": [6.5, 4.5, 7.5, 6], "texture": "#0"},
				"south": {"uv": [6.5, 3, 8, 4.5], "texture": "#0"},
				"west": {"uv": [6.5, 6, 7.5, 7.5], "texture": "#0"},
				"up": {"uv": [6, 3, 4.5, 2], "texture": "#0"},
				"down": {"uv": [8.5, 0, 7, 1], "texture": "#0"}
			}
		},
		{
			"from": [7.26421, 15, 6.89445],
			"to": [9.26421, 25, 8.89445],
			"rotation": {"angle": -45, "axis": "y", "origin": [8.01421, 6.32843, 7.64445]},
			"faces": {
				"north": {"uv": [2, 0, 3, 5], "texture": "#0"},
				"east": {"uv": [3, 0, 4, 5], "texture": "#0"},
				"south": {"uv": [1, 0, 2, 5], "texture": "#0"},
				"west": {"uv": [3, 0, 4, 5], "texture": "#0"},
				"up": {"uv": [8.5, 6, 7.5, 5], "texture": "#0"},
				"down": {"uv": [8.5, 6, 7.5, 7], "texture": "#0"}
			}
		},
		{
			"from": [9.4084, 17.18252, 7.5089],
			"to": [14.4084, 19.96252, 8.5069],
			"rotation": {"angle": -22.5, "axis": "z", "origin": [20.4084, 17.96524, 7.5071]},
			"faces": {
				"north": {"uv": [4, 3, 6.5, 4.5], "texture": "#0"},
				"east": {"uv": [4.5, 7.5, 5, 9], "texture": "#0"},
				"south": {"uv": [6.5, 3, 4, 4.5], "texture": "#0"},
				"west": {"uv": [2.5, 8, 3, 9.5], "texture": "#0"},
				"up": {"uv": [9.5, 2.5, 7, 2], "texture": "#0"},
				"down": {"uv": [9.5, 2.5, 7, 3], "texture": "#0"}
			}
		},
		{
			"from": [14.24157, 19.75473, 7.508],
			"to": [16.20731, 21.72047, 8.509],
			"rotation": {"angle": 22.5, "axis": "z", "origin": [14.94781, 20.46097, 8.0082]},
			"faces": {
				"north": {"uv": [6.5, 7.5, 7.5, 8.5], "texture": "#0"},
				"east": {"uv": [2, 6.5, 2.5, 7.5], "texture": "#0"},
				"south": {"uv": [7.5, 7.5, 6.5, 8.5], "texture": "#0"},
				"west": {"uv": [7.5, 8, 8, 9], "texture": "#0"},
				"up": {"uv": [9, 8.5, 8, 8], "texture": "#0"},
				"down": {"uv": [9.5, 0, 8.5, 0.5], "texture": "#0"}
			}
		},
		{
			"from": [5.01005, 21.02, 7.508],
			"to": [11.01005, 24.02, 8.509],
			"rotation": {"angle": 0, "axis": "y", "origin": [5.01005, 22, 7.50805]},
			"faces": {
				"north": {"uv": [4, 0, 7, 1.5], "texture": "#0"},
				"east": {"uv": [3.5, 8, 4, 9.5], "texture": "#0"},
				"south": {"uv": [7, 0, 4, 1.5], "texture": "#0"},
				"west": {"uv": [4, 8, 4.5, 9.5], "texture": "#0"},
				"up": {"uv": [10, 1.5, 7, 1], "texture": "#0"},
				"down": {"uv": [10, 1.5, 7, 2], "texture": "#0"}
			}
		}
	],
	"display": {
		"thirdperson_righthand": {
			"rotation": [0, 90, 0],
			"translation": [0, -4, 0]
		},
		"thirdperson_lefthand": {
			"rotation": [0, -90, 0],
			"translation": [0, -4, 0]
		},
		"firstperson_righthand": {
			"rotation": [56.05, 84.96, -44.68],
			"translation": [-0.25, 0.25, 0],
			"scale": [0.55, 0.55, 0.55]
		},
		"firstperson_lefthand": {
			"rotation": [-29.43, -86.79, -40.9],
			"translation": [-0.25, 0, 0],
			"scale": [0.55, 0.55, 0.55]
		},
		"ground": {
			"rotation": [12.74, 17, -28.36],
			"translation": [0, 1.75, 0],
			"scale": [0.4, 0.4, 0.4]
		},
		"gui": {
			"rotation": [140.93, 0.17, -143.26],
			"translation": [-3, -3.25, 0],
			"scale": [0.75, 0.75, 0.75]
		},
		"fixed": {
			"rotation": [0, 0, 45],
			"translation": [3.75, -4, 0],
			"scale": [0.9, 0.9, 0.9]
		}
	}
}