{
	"credit": "Made with Blockbench",
	"texture_size": [32, 32],
	"textures": {
		"0": "block/iron_sword"
	},
	"elements": [
		{
			"from": [7.25, 1, 7.35],
			"to": [8.65, 9, 8.68],
			"rotation": {"angle": -45, "axis": "y", "origin": [8, 4.5, 8.1]},
			"faces": {
				"north": {"uv": [6, 7, 6.5, 11], "texture": "#0"},
				"east": {"uv": [6.5, 7, 7, 11], "texture": "#0"},
				"south": {"uv": [7, 7, 7.5, 11], "texture": "#0"},
				"west": {"uv": [7.5, 4, 8, 8], "texture": "#0"},
				"up": {"uv": [10, 1.5, 9.5, 1], "texture": "#0"},
				"down": {"uv": [2, 9.5, 1.5, 10], "texture": "#0"}
			}
		},
		{
			"from": [6.5, -0.25, 7],
			"to": [9, 2.25, 9],
			"rotation": {"angle": 45, "axis": "z", "origin": [8, 1.25, 8]},
			"faces": {
				"north": {"uv": [6, 4, 7.5, 5.5], "texture": "#0"},
				"east": {"uv": [8, 4, 9, 5.5], "texture": "#0"},
				"south": {"uv": [6, 5.5, 7.5, 7], "texture": "#0"},
				"west": {"uv": [8, 5.5, 9, 7], "texture": "#0"},
				"up": {"uv": [9.5, 8, 8, 7], "texture": "#0"},
				"down": {"uv": [9, 8, 7.5, 9], "texture": "#0"}
			}
		},
		{
			"from": [3.93935, 9.43935, 7.001],
			"to": [5.35355, 10.85355, 8.999],
			"rotation": {"angle": 45, "axis": "z", "origin": [5, 10.5, 7.7071]},
			"faces": {
				"north": {"uv": [9.5, 2, 10, 2.5], "texture": "#0"},
				"east": {"uv": [8.5, 9, 9.5, 9.5], "texture": "#0"},
				"south": {"uv": [2.5, 9.5, 3, 10], "texture": "#0"},
				"west": {"uv": [0, 9.5, 1, 10], "texture": "#0"},
				"up": {"uv": [10, 1, 9.5, 0], "texture": "#0"},
				"down": {"uv": [1.5, 9.5, 1, 10.5], "texture": "#0"}
			}
		},
		{
			"from": [5, 9, 7],
			"to": [12, 11, 9],
			"rotation": {"angle": 0, "axis": "y", "origin": [7, 9, 7]},
			"faces": {
				"north": {"uv": [6, 0, 9.5, 1], "texture": "#0"},
				"east": {"uv": [9, 4, 10, 5], "texture": "#0"},
				"south": {"uv": [6, 1, 9.5, 2], "texture": "#0"},
				"west": {"uv": [9, 5, 10, 6], "texture": "#0"},
				"up": {"uv": [9.5, 3, 6, 2], "texture": "#0"},
				"down": {"uv": [9.5, 3, 6, 4], "texture": "#0"}
			}
		},
		{
			"from": [5.8, 11, 7.5],
			"to": [11.8, 30, 8.501],
			"rotation": {"angle": 0, "axis": "y", "origin": [6.8, 11, 6.5]},
			"faces": {
				"north": {"uv": [0, 0, 3, 9.5], "texture": "#0"},
				"east": {"uv": [10.5, 0, 11, 9.5], "texture": "#0"},
				"south": {"uv": [3, 0, 0, 9.5], "texture": "#0"},
				"west": {"uv": [10.5, 0, 10, 9.5], "texture": "#0"},
				"up": {"uv": [3, 0, 0, 0], "texture": "#0"},
				"down": {"uv": [3, 0, 0, 0], "texture": "#0"}
			}
		},
		{
			"from": [6.8, 11, 7.5],
			"to": [10.8, 29, 8.501],
			"rotation": {"angle": 0, "axis": "y", "origin": [6.8, 11, 6.5]},
			"faces": {
				"north": {"uv": [15, 15, 14.5, 16], "texture": "#0"},
				"east": {"uv": [11.5, 0, 12, 9.5], "texture": "#0"},
				"south": {"uv": [13.5, 15, 13, 16], "texture": "#0"},
				"west": {"uv": [11.5, 0, 11, 9], "texture": "#0"},
				"up": {"uv": [4.5, 10.5, 1.5, 10], "texture": "#0"},
				"down": {"uv": [3, 0, 0, 0], "texture": "#0"}
			}
		},
		{
			"from": [11.2929, 8.999, 7.29289],
			"to": [12.7071, 10.999, 8.70709],
			"rotation": {"angle": -45, "axis": "y", "origin": [12, 10, 7.99999]},
			"faces": {
				"north": {"uv": [9, 6, 9.5, 7], "texture": "#0"},
				"east": {"uv": [7.5, 9, 8, 10], "texture": "#0"},
				"south": {"uv": [8, 9, 8.5, 10], "texture": "#0"},
				"west": {"uv": [9, 8, 9.5, 9], "texture": "#0"},
				"up": {"uv": [10, 2, 9.5, 1.5], "texture": "#0"},
				"down": {"uv": [2.5, 9.5, 2, 10], "texture": "#0"}
			}
		},
		{
			"from": [5.8, 16, 7.501],
			"to": [6.8, 16, 8.501],
			"rotation": {"angle": 0, "axis": "y", "origin": [5.8, 15, 7.501]},
			"faces": {
				"north": {"uv": [0, 0, 0.5, 0], "texture": "#0"},
				"east": {"uv": [0, 0, 0.5, 0], "texture": "#0"},
				"south": {"uv": [0, 0, 0.5, 0], "texture": "#0"},
				"west": {"uv": [0, 0, 0.5, 0], "texture": "#0"},
				"up": {"uv": [2.5, 7, 3, 7.5], "texture": "#0"},
				"down": {"uv": [2.5, 7, 3, 7.5], "texture": "#0"}
			}
		},
		{
			"from": [5.8, 26, 7.501],
			"to": [6.8, 26, 8.501],
			"rotation": {"angle": 0, "axis": "y", "origin": [5.8, 25, 7.501]},
			"faces": {
				"north": {"uv": [0, 0, 0.5, 0], "texture": "#0"},
				"east": {"uv": [0, 0, 0.5, 0], "texture": "#0"},
				"south": {"uv": [0, 0, 0.5, 0], "texture": "#0"},
				"west": {"uv": [0, 0, 0.5, 0], "texture": "#0"},
				"up": {"uv": [2.5, 1.5, 3, 2], "texture": "#0"},
				"down": {"uv": [2.5, 1.5, 3, 2], "texture": "#0"}
			}
		},
		{
			"from": [9.8, 29, 7.501],
			"to": [9.8, 30, 8.501],
			"rotation": {"angle": 0, "axis": "y", "origin": [8.8, 28, 7.501]},
			"faces": {
				"north": {"uv": [0, 0, 0, 0.5], "texture": "#0"},
				"east": {"uv": [1, 0, 1.5, 0.5], "texture": "#0"},
				"south": {"uv": [0, 0, 0, 0.5], "texture": "#0"},
				"west": {"uv": [1, 0, 1.5, 0.5], "texture": "#0"},
				"up": {"uv": [0, 0, 0, 0.5], "texture": "#0"},
				"down": {"uv": [0, 0, 0, 0.5], "texture": "#0"}
			}
		},
		{
			"from": [9.8, 28, 7.501],
			"to": [11.8, 28, 8.501],
			"rotation": {"angle": 0, "axis": "y", "origin": [9.8, 27, 7.501]},
			"faces": {
				"north": {"uv": [0, 0, 1, 0], "texture": "#0"},
				"east": {"uv": [0, 0, 0.5, 0], "texture": "#0"},
				"south": {"uv": [0, 0, 1, 0], "texture": "#0"},
				"west": {"uv": [0, 0, 0.5, 0], "texture": "#0"},
				"up": {"uv": [1, 0, 2, 0.5], "texture": "#0"},
				"down": {"uv": [1, 0, 2, 0.5], "texture": "#0"}
			}
		},
		{
			"from": [10.8, 14, 7.501],
			"to": [11.8, 14, 8.501],
			"rotation": {"angle": 0, "axis": "y", "origin": [9.8, 13, 7.501]},
			"faces": {
				"north": {"uv": [0, 0, 0.5, 0], "texture": "#0"},
				"east": {"uv": [0, 0, 0.5, 0], "texture": "#0"},
				"south": {"uv": [0, 0, 0.5, 0], "texture": "#0"},
				"west": {"uv": [0, 0, 0.5, 0], "texture": "#0"},
				"up": {"uv": [0, 6.5, 0.5, 7], "texture": "#0"},
				"down": {"uv": [0, 7, 0.5, 7.5], "texture": "#0"}
			}
		}
	],
	"display": {
		"thirdperson_righthand": {
			"rotation": [-95.22, 83.52, 92.44]
		},
		"thirdperson_lefthand": {
			"rotation": [21.35, 86.07, 161.52],
			"translation": [0, -4.5, -0.25]
		},
		"firstperson_righthand": {
			"rotation": [129.84, 77.07, -129.12],
			"translation": [0, 1, 0],
			"scale": [0.5, 0.5, 0.5]
		},
		"firstperson_lefthand": {
			"rotation": [129.84, 75.92, 18.27],
			"translation": [2, 1.75, 0],
			"scale": [0.5, 0.5, 0.5]
		},
		"ground": {
			"rotation": [44.48, -7.45, -18.13],
			"scale": [0.4, 0.4, 0.4]
		},
		"gui": {
			"rotation": [-38.96, 0.57, -36.4],
			"translation": [-2.75, -3.25, 0],
			"scale": [-0.7, 0.7, -0.7]
		},
		"head": {
			"rotation": [58.75, 0, -90],
			"translation": [1.75, -4.75, -7.5]
		},
		"fixed": {
			"rotation": [0, 0, 45],
			"translation": [4.25, -4.5, 0],
			"scale": [0.8, 0.8, 0.8]
		}
	}
}