{
	"credit": "Made with Blockbench",
	"texture_size": [32, 32],
	"textures": {
		"0": "block/netherite_axe",
		"particle": "block/netherite_axe"
	},
	"elements": [
		{
			"from": [7.23995, 2, 7.31871],
			"to": [8.63995, 16, 8.71871],
			"rotation": {"angle": -45, "axis": "y", "origin": [7.98995, 7.91421, 8.06871]},
			"faces": {
				"north": {"uv": [4, 0, 4.5, 7.5], "texture": "#0"},
				"east": {"uv": [4.5, 0, 5, 7.5], "texture": "#0"},
				"south": {"uv": [5, 0, 5.5, 7.5], "texture": "#0"},
				"west": {"uv": [5.5, 0, 6, 7.5], "texture": "#0"},
				"up": {"uv": [9, 5, 8.5, 4.5], "texture": "#0"},
				"down": {"uv": [5.5, 8.5, 5, 9], "texture": "#0"}
			}
		},
		{
			"from": [7.93921, 21.675, 7.5095],
			"to": [15.91421, 24.875, 8.4985],
			"rotation": {"angle": 0, "axis": "y", "origin": [12.93921, 24.78, 8.00867]},
			"faces": {
				"north": {"uv": [0, 0, 4, 1.5], "texture": "#0"},
				"east": {"uv": [7.5, 5.5, 8, 7], "texture": "#0"},
				"south": {"uv": [0, 1.5, 4, 3], "texture": "#0"},
				"west": {"uv": [6.5, 7.5, 7, 9], "texture": "#0"},
				"up": {"uv": [11.5, 0.5, 7.5, 0], "texture": "#0"},
				"down": {"uv": [11.5, 0.5, 7.5, 1], "texture": "#0"}
			}
		},
		{
			"from": [11.49839, 15.25691, 7.5],
			"to": [14.49839, 17.25691, 8.499],
			"rotation": {"angle": -45, "axis": "z", "origin": [12.99839, 16.25691, 8.0085]},
			"faces": {
				"north": {"uv": [7.5, 3.5, 9, 4.5], "texture": "#0"},
				"east": {"uv": [4, 8.5, 4.5, 9.5], "texture": "#0"},
				"south": {"uv": [4, 7.5, 5.5, 8.5], "texture": "#0"},
				"west": {"uv": [4.5, 8.5, 5, 9.5], "texture": "#0"},
				"up": {"uv": [10, 2.5, 8.5, 2], "texture": "#0"},
				"down": {"uv": [4, 8.5, 2.5, 9], "texture": "#0"}
			}
		},
		{
			"from": [12.91421, 18.675, 7.5],
			"to": [15.91421, 21.675, 8.499],
			"rotation": {"angle": 0, "axis": "z", "origin": [14.41421, 20.175, 7.9995]},
			"faces": {
				"north": {"uv": [6, 3, 7.5, 4.5], "texture": "#0"},
				"east": {"uv": [7, 7.5, 7.5, 9], "texture": "#0"},
				"south": {"uv": [6, 4.5, 7.5, 6], "texture": "#0"},
				"west": {"uv": [7.5, 7, 8, 8.5], "texture": "#0"},
				"up": {"uv": [9.5, 6, 8, 5.5], "texture": "#0"},
				"down": {"uv": [9.5, 6, 8, 6.5], "texture": "#0"}
			}
		},
		{
			"from": [12.95101, 16.72888, 7.5095],
			"to": [15.72601, 19.72888, 8.4985],
			"rotation": {"angle": -22.5, "axis": "z", "origin": [13.17101, 18.72888, 8.00867]},
			"faces": {
				"north": {"uv": [6, 6, 7.5, 7.5], "texture": "#0"},
				"east": {"uv": [8, 6.5, 8.5, 8], "texture": "#0"},
				"south": {"uv": [0, 7.5, 1.5, 9], "texture": "#0"},
				"west": {"uv": [8, 8, 8.5, 9.5], "texture": "#0"},
				"up": {"uv": [10, 1.5, 8.5, 1], "texture": "#0"},
				"down": {"uv": [10, 1.5, 8.5, 2], "texture": "#0"}
			}
		},
		{
			"from": [7.26421, 15.375, 6.89445],
			"to": [9.26421, 24.875, 8.89445],
			"rotation": {"angle": -45, "axis": "y", "origin": [8.01421, 6.47843, 7.64445]},
			"faces": {
				"north": {"uv": [0, 3, 1, 7.5], "texture": "#0"},
				"east": {"uv": [1, 3, 2, 7.5], "texture": "#0"},
				"south": {"uv": [2, 3, 3, 7.5], "texture": "#0"},
				"west": {"uv": [3, 3, 4, 7.5], "texture": "#0"},
				"up": {"uv": [8.5, 5.5, 7.5, 4.5], "texture": "#0"},
				"down": {"uv": [6.5, 7.5, 5.5, 8.5], "texture": "#0"}
			}
		},
		{
			"from": [6.5, 0.5, 7],
			"to": [9, 3, 9],
			"rotation": {"angle": 45, "axis": "z", "origin": [8, 2, 8]},
			"faces": {
				"north": {"uv": [6, 0, 7.5, 1.5], "texture": "#0"},
				"east": {"uv": [7.5, 1, 8.5, 2.5], "texture": "#0"},
				"south": {"uv": [6, 1.5, 7.5, 3], "texture": "#0"},
				"west": {"uv": [1.5, 7.5, 2.5, 9], "texture": "#0"},
				"up": {"uv": [4, 8.5, 2.5, 7.5], "texture": "#0"},
				"down": {"uv": [9, 2.5, 7.5, 3.5], "texture": "#0"}
			}
		}
	],
	"display": {
		"thirdperson_righthand": {
			"rotation": [0, 90, 0],
			"translation": [0, -4, 0]
		},
		"thirdperson_lefthand": {
			"rotation": [0, -90, 0],
			"translation": [0, -4, 0]
		},
		"firstperson_righthand": {
			"rotation": [122.52, 85.03, -111.34],
			"translation": [0, 0.25, 0],
			"scale": [0.55, 0.55, 0.55]
		},
		"firstperson_lefthand": {
			"rotation": [-105, -82, -114],
			"translation": [0, 0.25, 0],
			"scale": [0.55, 0.55, 0.55]
		},
		"ground": {
			"rotation": [12.74, 17, -28.36],
			"translation": [0, 1.75, 0],
			"scale": [0.4, 0.4, 0.4]
		},
		"gui": {
			"rotation": [140.93, 0.17, -143.26],
			"translation": [-2.5, -3.75, 0],
			"scale": [0.75, 0.75, 0.75]
		},
		"fixed": {
			"rotation": [0, 0, 45],
			"translation": [3.75, -5.5, 0],
			"scale": [0.9, 0.9, 0.9]
		}
	},
	"groups": [
		0,
		{
			"name": "group",
			"origin": [16.25655, 19.53634, 8.5095],
			"color": 0,
			"children": []
		},
		1,
		2,
		3,
		4,
		5,
		6,
		{
			"name": "group",
			"origin": [8.01421, 6.85343, 7.64445],
			"color": 0,
			"children": []
		}
	]
}