{
	"credit": "Made with Blockbench",
	"texture_size": [32, 32],
	"textures": {
		"0": "block/netherite_sword"
	},
	"elements": [
		{
			"from": [6.78267, 2.8, 7.07078],
			"to": [7.78267, 8.8, 8.07078],
			"rotation": {"angle": -45, "axis": "y", "origin": [7.97678, 14.525, 8.29773]},
			"faces": {
				"north": {"uv": [0, 8, 0.5, 11], "texture": "#0"},
				"east": {"uv": [0.5, 8, 1, 11], "texture": "#0"},
				"south": {"uv": [1, 8, 1.5, 11], "texture": "#0"},
				"west": {"uv": [1.5, 8, 2, 11], "texture": "#0"},
				"up": {"uv": [11, 8, 10.5, 7.5], "texture": "#0"},
				"down": {"uv": [11.5, 8.5, 11, 9], "texture": "#0"}
			}
		},
		{
			"from": [6.78267, 6.3, 5.07078],
			"to": [6.78267, 7.8, 8.07078],
			"rotation": {"angle": -45, "axis": "y", "origin": [7.97678, 14.525, 8.29773]},
			"faces": {
				"north": {"uv": [0, 0, 0, 0.75], "texture": "#0"},
				"east": {"uv": [8.5, 6.5, 10, 7.25], "texture": "#0"},
				"south": {"uv": [0, 0, 0, 0.75], "texture": "#0"},
				"west": {"uv": [9, 3, 10.5, 3.75], "texture": "#0"},
				"up": {"uv": [0, 1.5, 0, 0], "texture": "#0"},
				"down": {"uv": [0, 0, 0, 1.5], "texture": "#0"}
			}
		},
		{
			"from": [6.78267, 4.3, 8.07078],
			"to": [9.78267, 6.3, 8.07078],
			"rotation": {"angle": -45, "axis": "y", "origin": [7.97678, 14.625, 8.29773]},
			"faces": {
				"north": {"uv": [2, 8, 3.5, 9], "texture": "#0"},
				"east": {"uv": [0, 0, 0, 1], "texture": "#0"},
				"south": {"uv": [3.5, 8, 5, 9], "texture": "#0"},
				"west": {"uv": [0, 0, 0, 1], "texture": "#0"},
				"up": {"uv": [1.5, 0, 0, 0], "texture": "#0"},
				"down": {"uv": [1.5, 0, 0, 0], "texture": "#0"}
			}
		},
		{
			"from": [7.3, 1.2, 6.59289],
			"to": [8.7, 2.8, 7.99289],
			"rotation": {"angle": 0, "axis": "y", "origin": [7.97678, 14.525, 8.29773]},
			"faces": {
				"north": {"uv": [10.5, 1, 11.25, 1.75], "texture": "#0"},
				"east": {"uv": [10.5, 2, 11.25, 2.75], "texture": "#0"},
				"south": {"uv": [10.5, 3, 11.25, 3.75], "texture": "#0"},
				"west": {"uv": [9, 10.5, 9.75, 11.25], "texture": "#0"},
				"up": {"uv": [10.75, 11.25, 10, 10.5], "texture": "#0"},
				"down": {"uv": [0.75, 11, 0, 11.75], "texture": "#0"}
			}
		},
		{
			"from": [7.3, 8.7, 4.49289],
			"to": [8.7, 12.3, 10.09289],
			"rotation": {"angle": 0, "axis": "y", "origin": [7.97678, 14.525, 8.29773]},
			"faces": {
				"north": {"uv": [4, 9, 4.75, 10.75], "texture": "#0"},
				"east": {"uv": [6, 0, 8.75, 1.75], "texture": "#0"},
				"south": {"uv": [9, 8.5, 9.75, 10.25], "texture": "#0"},
				"west": {"uv": [6, 2, 8.75, 3.75], "texture": "#0"},
				"up": {"uv": [7.75, 6.75, 7, 4], "texture": "#0"},
				"down": {"uv": [7.75, 7, 7, 9.75], "texture": "#0"}
			}
		},
		{
			"from": [7.05, 9.30758, 8.60077],
			"to": [8.95, 10.65758, 9.95077],
			"rotation": {"angle": 45, "axis": "x", "origin": [7.97678, 14.525, 8.29773]},
			"faces": {
				"north": {"uv": [7, 10, 8, 10.75], "texture": "#0"},
				"east": {"uv": [11, 4, 11.75, 4.75], "texture": "#0"},
				"south": {"uv": [10, 8.5, 11, 9.25], "texture": "#0"},
				"west": {"uv": [5, 11, 5.75, 11.75], "texture": "#0"},
				"up": {"uv": [11, 10.25, 10, 9.5], "texture": "#0"},
				"down": {"uv": [11.5, 0, 10.5, 0.75], "texture": "#0"}
			}
		},
		{
			"from": [7.05, 10.76929, 9.46182],
			"to": [8.95, 12.11929, 10.81182],
			"rotation": {"angle": 22.5, "axis": "x", "origin": [7.97678, 14.525, 8.29773]},
			"faces": {
				"north": {"uv": [9.5, 0, 10.5, 0.75], "texture": "#0"},
				"east": {"uv": [1, 11, 1.75, 11.75], "texture": "#0"},
				"south": {"uv": [9.5, 1, 10.5, 1.75], "texture": "#0"},
				"west": {"uv": [4, 11, 4.75, 11.75], "texture": "#0"},
				"up": {"uv": [10.5, 2.75, 9.5, 2], "texture": "#0"},
				"down": {"uv": [11, 6.5, 10, 7.25], "texture": "#0"}
			}
		},
		{
			"from": [7.61, 24.4443, 8.6662],
			"to": [8.39, 26.7943, 14.1412],
			"rotation": {"angle": -22.5, "axis": "x", "origin": [7.97678, 14.525, 8.29773]},
			"faces": {
				"north": {"uv": [6, 11, 6.5, 12], "texture": "#0"},
				"east": {"uv": [0, 7, 2.75, 8], "texture": "#0"},
				"south": {"uv": [6.5, 11, 7, 12], "texture": "#0"},
				"west": {"uv": [3, 7, 5.75, 8], "texture": "#0"},
				"up": {"uv": [3.5, 11.75, 3, 9], "texture": "#0"},
				"down": {"uv": [4, 9, 3.5, 11.75], "texture": "#0"}
			}
		},
		{
			"from": [7.6, 12.3, 4.59289],
			"to": [8.4, 26, 9.99289],
			"rotation": {"angle": 0, "axis": "y", "origin": [7.97678, 14.525, 8.29773]},
			"faces": {
				"north": {"uv": [6, 4, 6.5, 10.75], "texture": "#0"},
				"east": {"uv": [0, 0, 2.75, 6.75], "texture": "#0"},
				"south": {"uv": [6.5, 4, 7, 10.75], "texture": "#0"},
				"west": {"uv": [3, 0, 5.75, 6.75], "texture": "#0"},
				"up": {"uv": [2.5, 11.75, 2, 9], "texture": "#0"},
				"down": {"uv": [3, 9, 2.5, 11.75], "texture": "#0"}
			}
		},
		{
			"from": [7.6, 25.55, 8.99289],
			"to": [8.4, 28.1, 9.99289],
			"rotation": {"angle": 0, "axis": "y", "origin": [7.97678, 14.525, 8.29773]},
			"faces": {
				"north": {"uv": [11, 6.5, 11.5, 7.5], "texture": "#0"},
				"east": {"uv": [7, 11, 7.5, 12], "texture": "#0"},
				"south": {"uv": [7.5, 11, 8, 12], "texture": "#0"},
				"west": {"uv": [11, 7.5, 11.5, 8.5], "texture": "#0"},
				"up": {"uv": [12, 1, 11.5, 0.5], "texture": "#0"},
				"down": {"uv": [12, 1, 11.5, 1.5], "texture": "#0"}
			}
		},
		{
			"from": [7.5, 14.81584, 4.40925],
			"to": [8.5, 15.81584, 10.60925],
			"rotation": {"angle": -22.5, "axis": "x", "origin": [7.97678, 14.525, 8.29773]},
			"faces": {
				"north": {"uv": [11, 11, 11.5, 11.5], "texture": "#0"},
				"east": {"uv": [8.5, 5.5, 11.5, 6], "texture": "#0"},
				"south": {"uv": [11.5, 0, 12, 0.5], "texture": "#0"},
				"west": {"uv": [8.5, 6, 11.5, 6.5], "texture": "#0"},
				"up": {"uv": [9, 11.5, 8.5, 8.5], "texture": "#0"},
				"down": {"uv": [9.5, 0, 9, 3], "texture": "#0"}
			}
		},
		{
			"from": [7.5, 13.21584, 4.00925],
			"to": [8.5, 14.21584, 10.10925],
			"rotation": {"angle": -22.5, "axis": "x", "origin": [7.97678, 14.525, 8.29773]},
			"faces": {
				"north": {"uv": [11, 10, 11.5, 10.5], "texture": "#0"},
				"east": {"uv": [8, 8, 11, 8.5], "texture": "#0"},
				"south": {"uv": [11, 10.5, 11.5, 11], "texture": "#0"},
				"west": {"uv": [8.5, 5, 11.5, 5.5], "texture": "#0"},
				"up": {"uv": [6, 11, 5.5, 8], "texture": "#0"},
				"down": {"uv": [8.5, 8.5, 8, 11.5], "texture": "#0"}
			}
		},
		{
			"from": [7.4, 12.44677, 4.62951],
			"to": [8.6, 13.44677, 10.72951],
			"rotation": {"angle": 22.5, "axis": "x", "origin": [7.97678, 14.525, 8.29773]},
			"faces": {
				"north": {"uv": [11, 9, 11.5, 9.5], "texture": "#0"},
				"east": {"uv": [8, 4, 11, 4.5], "texture": "#0"},
				"south": {"uv": [11, 9.5, 11.5, 10], "texture": "#0"},
				"west": {"uv": [8, 4.5, 11, 5], "texture": "#0"},
				"up": {"uv": [5.5, 11, 5, 8], "texture": "#0"},
				"down": {"uv": [8.5, 5, 8, 8], "texture": "#0"}
			}
		},
		{
			"from": [7.4, 12.44677, 10.62951],
			"to": [7.8, 13.44677, 12.72951],
			"rotation": {"angle": 22.5, "axis": "x", "origin": [7.97678, 14.525, 8.29773]},
			"faces": {
				"north": {"uv": [11.5, 3.5, 11.75, 4], "texture": "#0"},
				"east": {"uv": [8.5, 7.5, 9.5, 8], "texture": "#0"},
				"south": {"uv": [11.5, 5, 11.75, 5.5], "texture": "#0"},
				"west": {"uv": [9.5, 7.5, 10.5, 8], "texture": "#0"},
				"up": {"uv": [11.75, 2.5, 11.5, 1.5], "texture": "#0"},
				"down": {"uv": [11.75, 2.5, 11.5, 3.5], "texture": "#0"}
			}
		}
	],
	"display": {
		"thirdperson_righthand": {
			"translation": [0, 1, 1],
			"scale": [1.3, 1.3, 1.3]
		},
		"thirdperson_lefthand": {
			"rotation": [-18.75, 64, -121],
			"translation": [-10, -3.25, 13],
			"scale": [1.3, 1.3, 1.3]
		},
		"firstperson_righthand": {
			"rotation": [3, 4, -3],
			"translation": [1.75, 0.5, -0.5],
			"scale": [0.65, 0.65, 0.65]
		},
		"firstperson_lefthand": {
			"rotation": [-180, -11, 0],
			"translation": [3, 1.75, 0.25],
			"scale": [0.7, 0.7, 0.7]
		},
		"ground": {
			"rotation": [13, 79, 12],
			"translation": [0, 0.75, 0],
			"scale": [0.6, 0.6, 0.6]
		},
		"gui": {
			"rotation": [-147.1, -54.6, -103.9],
			"translation": [-3.5, -3.75, 0],
			"scale": [0.85, 0.85, 0.85]
		},
		"head": {
			"rotation": [-79, 0, 0],
			"translation": [0, 2.25, 0],
			"scale": [2.38, 2.24, 2.17]
		},
		"fixed": {
			"rotation": [-90, 45, 90],
			"translation": [5.25, -5, 0]
		}
	},
	"groups": [
		{
			"name": "handle",
			"origin": [8, 1.3, 7.29289],
			"color": 0,
			"children": [0, 1, 2, 3]
		},
		{
			"name": "base",
			"origin": [8, 10.975, 8.81789],
			"color": 0,
			"children": [4, 5, 6]
		},
		{
			"name": "blade",
			"origin": [8, 9.5, 7.29289],
			"color": 0,
			"children": [7, 8, 9]
		},
		{
			"name": "belt",
			"origin": [8, 12.8, 7.29289],
			"color": 0,
			"children": [10, 11, 12, 13]
		}
	]
}