{
	"credit": "Made with Blockbench",
	"texture_size": [32, 32],
	"textures": {
		"0": "block/stone_sword"
	},
	"elements": [
		{
			"from": [6.55039, 1.80363, 0.07473],
			"to": [7.96459, 8.46043, 1.48893],
			"rotation": {"angle": 45, "axis": "y", "origin": [7.22526, 11.90693, 0.751]},
			"faces": {
				"north": {"uv": [2.5, 9, 3, 12.5], "texture": "#0"},
				"east": {"uv": [10.5, 8.5, 11, 12], "texture": "#0"},
				"south": {"uv": [3, 11, 3.5, 14.5], "texture": "#0"},
				"west": {"uv": [3.5, 11, 4, 14.5], "texture": "#0"},
				"up": {"uv": [8, 6, 7.5, 5.5], "texture": "#0"},
				"down": {"uv": [10.5, 11.5, 10, 12], "texture": "#0"}
			}
		},
		{
			"from": [3.26985, 8.80363, -0.25],
			"to": [11.26985, 10.80363, 1.75],
			"rotation": {"angle": 0, "axis": "z", "origin": [7.22526, 11.90693, 0.751]},
			"faces": {
				"north": {"uv": [8.5, 4.5, 12.5, 5.5], "texture": "#0"},
				"east": {"uv": [5.5, 12, 6.5, 13], "texture": "#0"},
				"south": {"uv": [9, 1.5, 13, 2.5], "texture": "#0"},
				"west": {"uv": [10, 12, 11, 13], "texture": "#0"},
				"up": {"uv": [14.5, 6.5, 10.5, 5.5], "texture": "#0"},
				"down": {"uv": [14.5, 6.5, 10.5, 7.5], "texture": "#0"}
			}
		},
		{
			"from": [6.26985, 6.80363, -0.25],
			"to": [8.26985, 8.80363, 1.75],
			"rotation": {"angle": 0, "axis": "z", "origin": [7.22526, 11.90693, 0.751]},
			"faces": {
				"north": {"uv": [0, 12.5, 1, 13.5], "texture": "#0"},
				"east": {"uv": [12.5, 0, 13.5, 1], "texture": "#0"},
				"south": {"uv": [12.5, 4.5, 13.5, 5.5], "texture": "#0"},
				"west": {"uv": [11.5, 12.5, 12.5, 13.5], "texture": "#0"},
				"up": {"uv": [13.5, 13.5, 12.5, 12.5], "texture": "#0"},
				"down": {"uv": [14, 1, 13, 2], "texture": "#0"}
			}
		},
		{
			"from": [13.4009, 3.79435, -0.25],
			"to": [15.4009, 5.79435, 1.75],
			"rotation": {"angle": -45, "axis": "z", "origin": [7.22526, 11.90693, 0.751]},
			"faces": {
				"north": {"uv": [13, 2, 14, 3], "texture": "#0"},
				"east": {"uv": [5.5, 13, 6.5, 14], "texture": "#0"},
				"south": {"uv": [13, 7.5, 14, 8.5], "texture": "#0"},
				"west": {"uv": [10, 13, 11, 14], "texture": "#0"},
				"up": {"uv": [1, 14.5, 0, 13.5], "texture": "#0"},
				"down": {"uv": [14.5, 0, 13.5, 1], "texture": "#0"}
			}
		},
		{
			"from": [3.08235, 10.05224, 0.25],
			"to": [9.08235, 16.05224, 1.25],
			"rotation": {"angle": -45, "axis": "z", "origin": [7.22526, 11.90693, 0.751]},
			"faces": {
				"north": {"uv": [0, 0, 3, 3], "texture": "#0"},
				"east": {"uv": [5, 11, 5.5, 14], "texture": "#0"},
				"south": {"uv": [3, 0, 0, 3], "texture": "#0"},
				"west": {"uv": [7, 11, 7.5, 14], "texture": "#0"},
				"up": {"uv": [14, 9.5, 11, 9], "texture": "#0"},
				"down": {"uv": [14, 9.5, 11, 10], "texture": "#0"}
			}
		},
		{
			"from": [5.08235, 9.05224, 0.249],
			"to": [10.08235, 14.05224, 1.253],
			"rotation": {"angle": -45, "axis": "z", "origin": [7.22526, 11.90693, 0.751]},
			"faces": {
				"north": {"uv": [5.5, 6, 8, 8.5], "texture": "#0"},
				"east": {"uv": [9, 11.5, 9.5, 14], "texture": "#0"},
				"south": {"uv": [8, 6, 5.5, 8.5], "texture": "#0"},
				"west": {"uv": [9.5, 11.5, 10, 14], "texture": "#0"},
				"up": {"uv": [14.5, 4.5, 12, 4], "texture": "#0"},
				"down": {"uv": [14, 12, 11.5, 12.5], "texture": "#0"}
			}
		},
		{
			"from": [2.08235, 12.05224, 0.2481],
			"to": [7.08235, 17.05224, 1.2531],
			"rotation": {"angle": -45, "axis": "z", "origin": [7.22526, 11.90693, 0.751]},
			"faces": {
				"north": {"uv": [8, 8, 10.5, 10.5], "texture": "#0"},
				"east": {"uv": [7, 8.5, 8, 11], "texture": "#0"},
				"south": {"uv": [10.5, 8, 8, 10.5], "texture": "#0"},
				"west": {"uv": [1.5, 9, 2.5, 11.5], "texture": "#0"},
				"up": {"uv": [13, 8.5, 10.5, 7.5], "texture": "#0"},
				"down": {"uv": [10.5, 10.5, 8, 11.5], "texture": "#0"}
			}
		},
		{
			"from": [0.08235, 13.05224, 0.25],
			"to": [6.08235, 19.05224, 1.25],
			"rotation": {"angle": -45, "axis": "z", "origin": [7.22526, 11.90693, 0.751]},
			"faces": {
				"north": {"uv": [3, 0, 6, 3], "texture": "#0"},
				"east": {"uv": [7.5, 11, 8, 14], "texture": "#0"},
				"south": {"uv": [6, 0, 3, 3], "texture": "#0"},
				"west": {"uv": [11, 10, 11.5, 13], "texture": "#0"},
				"up": {"uv": [14.5, 10.5, 11.5, 10], "texture": "#0"},
				"down": {"uv": [14.5, 10.5, 11.5, 11], "texture": "#0"}
			}
		},
		{
			"from": [-0.91765, 15.05224, 0.249],
			"to": [4.08235, 20.05224, 1.251],
			"rotation": {"angle": -45, "axis": "z", "origin": [7.22526, 11.90693, 0.751]},
			"faces": {
				"north": {"uv": [3, 6, 5.5, 8.5], "texture": "#0"},
				"east": {"uv": [8, 11.5, 8.5, 14], "texture": "#0"},
				"south": {"uv": [5.5, 6, 3, 8.5], "texture": "#0"},
				"west": {"uv": [8.5, 11.5, 9, 14], "texture": "#0"},
				"up": {"uv": [14.5, 3.5, 12, 3], "texture": "#0"},
				"down": {"uv": [14.5, 3.5, 12, 4], "texture": "#0"}
			}
		},
		{
			"from": [-2.91765, 16.05224, 0.25],
			"to": [3.08235, 22.05224, 1.25],
			"rotation": {"angle": -45, "axis": "z", "origin": [7.22526, 11.90693, 0.751]},
			"faces": {
				"north": {"uv": [0, 6, 3, 9], "texture": "#0"},
				"east": {"uv": [1.5, 11.5, 2, 14.5], "texture": "#0"},
				"south": {"uv": [3, 6, 0, 9], "texture": "#0"},
				"west": {"uv": [2, 11.5, 2.5, 14.5], "texture": "#0"},
				"up": {"uv": [14.5, 11.5, 11.5, 11], "texture": "#0"},
				"down": {"uv": [14.5, 11.5, 11.5, 12], "texture": "#0"}
			}
		},
		{
			"from": [9.07302, 7.6558, -0.499],
			"to": [10.07402, 14.4058, 2.003],
			"rotation": {"angle": -45, "axis": "z", "origin": [7.22526, 11.90693, 0.751]},
			"faces": {
				"north": {"uv": [4, 11, 4.5, 14.5], "texture": "#0"},
				"east": {"uv": [5.5, 8.5, 7, 12], "texture": "#0"},
				"south": {"uv": [4.5, 11, 5, 14.5], "texture": "#0"},
				"west": {"uv": [0, 9, 1.5, 12.5], "texture": "#0"},
				"up": {"uv": [7, 13.5, 6.5, 12], "texture": "#0"},
				"down": {"uv": [1.5, 12.5, 1, 14], "texture": "#0"}
			}
		},
		{
			"from": [4.72709, 9.05746, -0.5],
			"to": [11.47709, 10.05846, 2],
			"rotation": {"angle": -45, "axis": "z", "origin": [7.22526, 11.90693, 0.751]},
			"faces": {
				"north": {"uv": [9, 2.5, 12.5, 3], "texture": "#0"},
				"east": {"uv": [6, 5.5, 7.5, 6], "texture": "#0"},
				"south": {"uv": [11, 8.5, 14.5, 9], "texture": "#0"},
				"west": {"uv": [13.5, 4.5, 15, 5], "texture": "#0"},
				"up": {"uv": [12, 4.5, 8.5, 3], "texture": "#0"},
				"down": {"uv": [12.5, 0, 9, 1.5], "texture": "#0"}
			}
		}
	],
	"display": {
		"thirdperson_righthand": {
			"rotation": [0, 90, 0],
			"translation": [7.5, 1, -0.5]
		},
		"thirdperson_lefthand": {
			"rotation": [0, 90, 0],
			"translation": [7.5, 1, -0.5]
		},
		"firstperson_righthand": {
			"rotation": [123.22, 81.5, -120.35],
			"translation": [4.75, 1, -1],
			"scale": [0.6, 0.6, 0.6]
		},
		"firstperson_lefthand": {
			"rotation": [123.22, 81.5, -120.35],
			"translation": [5.25, 1, -1],
			"scale": [0.6, 0.6, 0.6]
		},
		"ground": {
			"rotation": [34.19, -5.6, 3.78],
			"translation": [0, -1, 0],
			"scale": [0.6, 0.6, 0.6]
		},
		"gui": {
			"rotation": [-30, 180, 40],
			"translation": [-2.75, -5.25, 0.5],
			"scale": [0.8, 0.8, 0.8]
		},
		"head": {
			"rotation": [91.02, -0.23, 177.51]
		},
		"fixed": {
			"rotation": [0, 0, 45],
			"translation": [4.5, -3.5, 0]
		}
	},
	"groups": [
		{
			"name": "group",
			"origin": [7, 7, 7],
			"color": 0,
			"children": [
				0,
				1,
				2,
				3,
				{
					"name": "group",
					"origin": [7.24715, 11.78141, -1.35275],
					"color": 0,
					"children": [4, 5, 6, 7, 8, 9]
				},
				{
					"name": "group",
					"origin": [7.1007, 11.15653, -1.35275],
					"color": 0,
					"children": [10, 11]
				}
			]
		}
	]
}