{
	"credit": "Made with Blockbench",
	"texture_size": [32, 32],
	"textures": {
		"0": "block/wooden_axe",
		"particle": "wooden_axe"
	},
	"elements": [
		{
			"from": [7.23995, 2, 7.31871],
			"to": [8.63995, 25, 8.71871],
			"rotation": {"angle": -45, "axis": "y", "origin": [7.98995, 7.91421, 8.06871]},
			"faces": {
				"north": {"uv": [3, 0, 3.5, 11.5], "texture": "#0"},
				"east": {"uv": [3.5, 0, 4, 11.5], "texture": "#0"},
				"south": {"uv": [4, 0, 4.5, 11.5], "texture": "#0"},
				"west": {"uv": [4.5, 0, 5, 11.5], "texture": "#0"},
				"up": {"uv": [2, 8.5, 1.5, 8], "texture": "#0"},
				"down": {"uv": [2, 8.5, 1.5, 9], "texture": "#0"}
			}
		},
		{
			"from": [7.26421, 12.01421, 6.89445],
			"to": [9.26421, 18.01421, 8.89445],
			"rotation": {"angle": -45, "axis": "y", "origin": [8.01421, 2.92843, 7.64445]},
			"faces": {
				"north": {"uv": [2, 6, 3, 9], "texture": "#0"},
				"east": {"uv": [5, 6, 6, 9], "texture": "#0"},
				"south": {"uv": [6, 6, 7, 9], "texture": "#0"},
				"west": {"uv": [7, 0, 8, 3], "texture": "#0"},
				"up": {"uv": [11, 8.5, 10, 7.5], "texture": "#0"},
				"down": {"uv": [11, 8.5, 10, 9.5], "texture": "#0"}
			}
		},
		{
			"from": [6.5, 0.5, 7],
			"to": [9, 3, 9],
			"rotation": {"angle": 45, "axis": "z", "origin": [8, 2, 8]},
			"faces": {
				"north": {"uv": [0, 8, 1.5, 9.5], "texture": "#0"},
				"east": {"uv": [0, 9.5, 1, 11], "texture": "#0"},
				"south": {"uv": [8, 2, 9.5, 3.5], "texture": "#0"},
				"west": {"uv": [10, 3, 11, 4.5], "texture": "#0"},
				"up": {"uv": [11.5, 5.5, 10, 4.5], "texture": "#0"},
				"down": {"uv": [6.5, 10, 5, 11], "texture": "#0"}
			}
		},
		{
			"from": [6, 17.91421, 7],
			"to": [12, 24.11421, 8.998],
			"rotation": {"angle": 0, "axis": "y", "origin": [6, 22.01421, 7]},
			"faces": {
				"north": {"uv": [0, 0, 3, 3], "texture": "#0"},
				"east": {"uv": [7, 3, 8, 6], "texture": "#0"},
				"south": {"uv": [0, 3, 3, 6], "texture": "#0"},
				"west": {"uv": [7, 6, 8, 9], "texture": "#0"},
				"up": {"uv": [11, 1, 8, 0], "texture": "#0"},
				"down": {"uv": [11, 1, 8, 2], "texture": "#0"}
			}
		},
		{
			"from": [10.92625, 20.179, 6.998],
			"to": [15.22625, 21.84943, 9.001],
			"rotation": {"angle": 0, "axis": "y", "origin": [11.22625, 19.979, 7]},
			"faces": {
				"north": {"uv": [9, 6.5, 11, 7.5], "texture": "#0"},
				"east": {"uv": [6.5, 10.5, 7.5, 11.5], "texture": "#0"},
				"south": {"uv": [9.5, 2, 11.5, 3], "texture": "#0"},
				"west": {"uv": [7.5, 10.5, 8.5, 11.5], "texture": "#0"},
				"up": {"uv": [9, 10.5, 7, 9.5], "texture": "#0"},
				"down": {"uv": [11, 9.5, 9, 10.5], "texture": "#0"}
			}
		},
		{
			"from": [10.99581, 17.02049, 6.999],
			"to": [14.99581, 21.02049, 9],
			"rotation": {"angle": -22.5, "axis": "z", "origin": [12.99581, 20.02049, 8]},
			"faces": {
				"north": {"uv": [5, 0, 7, 2], "texture": "#0"},
				"east": {"uv": [8, 3.5, 9, 5.5], "texture": "#0"},
				"south": {"uv": [5, 2, 7, 4], "texture": "#0"},
				"west": {"uv": [8, 5.5, 9, 7.5], "texture": "#0"},
				"up": {"uv": [10, 8.5, 8, 7.5], "texture": "#0"},
				"down": {"uv": [10, 8.5, 8, 9.5], "texture": "#0"}
			}
		},
		{
			"from": [10.23044, 20.8557, 6.999],
			"to": [14.23044, 24.8557, 9],
			"rotation": {"angle": 22.5, "axis": "z", "origin": [12.23044, 23.8557, 8]},
			"faces": {
				"north": {"uv": [5, 4, 7, 6], "texture": "#0"},
				"east": {"uv": [1.5, 9, 2.5, 11], "texture": "#0"},
				"south": {"uv": [0, 6, 2, 8], "texture": "#0"},
				"west": {"uv": [9, 3.5, 10, 5.5], "texture": "#0"},
				"up": {"uv": [7, 10, 5, 9], "texture": "#0"},
				"down": {"uv": [11, 5.5, 9, 6.5], "texture": "#0"}
			}
		}
	],
	"display": {
		"thirdperson_righthand": {
			"rotation": [0, 90, 0],
			"translation": [0, -4, 0]
		},
		"thirdperson_lefthand": {
			"rotation": [0, -90, 0],
			"translation": [0, -4, 0]
		},
		"firstperson_righthand": {
			"rotation": [122.52, 85.03, -111.34],
			"translation": [0, 0.25, 0],
			"scale": [0.55, 0.55, 0.55]
		},
		"firstperson_lefthand": {
			"rotation": [-105, -82, -114],
			"translation": [0, 0.25, 0],
			"scale": [0.55, 0.55, 0.55]
		},
		"ground": {
			"rotation": [12.74, 17, -28.36],
			"translation": [0, 1.75, 0],
			"scale": [0.4, 0.4, 0.4]
		},
		"gui": {
			"rotation": [140.93, 0.17, -143.26],
			"translation": [-2.5, -3.5, 0],
			"scale": [0.75, 0.75, 0.75]
		},
		"fixed": {
			"rotation": [0, 0, 45],
			"translation": [3.75, -5.25, 0],
			"scale": [0.9, 0.9, 0.9]
		}
	}
}