{
	"credit": "Made with Blockbench",
	"texture_size": [32, 32],
	"textures": {
		"0": "block/wooden_shovel",
		"particle": "wooden_shovel"
	},
	"elements": [
		{
			"from": [7.23995, 2, 7.31871],
			"to": [8.63995, 11, 8.71871],
			"rotation": {"angle": -45, "axis": "y", "origin": [7.98995, 7.91421, 8.06871]},
			"faces": {
				"north": {"uv": [1, 6, 1.5, 10.5], "texture": "#0"},
				"east": {"uv": [1.5, 6, 2, 10.5], "texture": "#0"},
				"south": {"uv": [2, 6, 2.5, 10.5], "texture": "#0"},
				"west": {"uv": [2.5, 6, 3, 10.5], "texture": "#0"},
				"up": {"uv": [6.5, 5.5, 6, 5], "texture": "#0"},
				"down": {"uv": [6.5, 5.5, 6, 6], "texture": "#0"}
			}
		},
		{
			"from": [6.5, 0.5, 7],
			"to": [9, 3, 9],
			"rotation": {"angle": 45, "axis": "z", "origin": [8, 2, 8]},
			"faces": {
				"north": {"uv": [5, 6, 6.5, 7.5], "texture": "#0"},
				"east": {"uv": [5, 7.5, 6, 9], "texture": "#0"},
				"south": {"uv": [6.5, 5, 8, 6.5], "texture": "#0"},
				"west": {"uv": [7.5, 6.5, 8.5, 8], "texture": "#0"},
				"up": {"uv": [9.5, 1, 8, 0], "texture": "#0"},
				"down": {"uv": [9.5, 1, 8, 2], "texture": "#0"}
			}
		},
		{
			"from": [7.26421, 11, 6.89445],
			"to": [9.26421, 17, 8.89445],
			"rotation": {"angle": -45, "axis": "y", "origin": [8.01421, 2.32843, 7.64445]},
			"faces": {
				"north": {"uv": [3, 4, 4, 7], "texture": "#0"},
				"east": {"uv": [4, 4, 5, 7], "texture": "#0"},
				"south": {"uv": [5, 0, 6, 3], "texture": "#0"},
				"west": {"uv": [5, 3, 6, 6], "texture": "#0"},
				"up": {"uv": [4, 9, 3, 8], "texture": "#0"},
				"down": {"uv": [5, 8, 4, 9], "texture": "#0"}
			}
		},
		{
			"from": [5, 17, 7],
			"to": [11, 23, 9],
			"rotation": {"angle": 0, "axis": "y", "origin": [8, 18, 8]},
			"faces": {
				"north": {"uv": [0, 0, 3, 3], "texture": "#0"},
				"east": {"uv": [0, 6, 1, 9], "texture": "#0"},
				"south": {"uv": [0, 3, 3, 6], "texture": "#0"},
				"west": {"uv": [6, 0, 7, 3], "texture": "#0"},
				"up": {"uv": [9, 4, 6, 3], "texture": "#0"},
				"down": {"uv": [9, 4, 6, 5], "texture": "#0"}
			}
		},
		{
			"from": [4.87868, 21.29291, 6.999],
			"to": [9.12128, 25.53551, 9.001],
			"rotation": {"angle": -45, "axis": "z", "origin": [6.99998, 22.00001, 8]},
			"faces": {
				"north": {"uv": [3, 0, 5, 2], "texture": "#0"},
				"east": {"uv": [6.5, 6.5, 7.5, 8.5], "texture": "#0"},
				"south": {"uv": [3, 2, 5, 4], "texture": "#0"},
				"west": {"uv": [7, 0, 8, 2], "texture": "#0"},
				"up": {"uv": [9, 3, 7, 2], "texture": "#0"},
				"down": {"uv": [5, 7, 3, 8], "texture": "#0"}
			}
		}
	],
	"display": {
		"thirdperson_righthand": {
			"rotation": [0, 90, 0],
			"translation": [0, -4, 0]
		},
		"thirdperson_lefthand": {
			"rotation": [0, 90, 0],
			"translation": [0, -4, 0]
		},
		"firstperson_righthand": {
			"rotation": [56.05, 84.96, -44.68],
			"translation": [-0.25, -0.25, 0],
			"scale": [0.55, 0.55, 0.55]
		},
		"firstperson_lefthand": {
			"rotation": [167, -87, 150.59],
			"translation": [-0.25, 0.25, 0],
			"scale": [0.55, 0.55, 0.55]
		},
		"ground": {
			"rotation": [12.74, 17, -28.36],
			"translation": [0, 1.75, 0],
			"scale": [0.4, 0.4, 0.4]
		},
		"gui": {
			"rotation": [140.93, 0.17, -143.26],
			"translation": [-3, -3.25, 0],
			"scale": [0.75, 0.75, 0.75]
		},
		"fixed": {
			"rotation": [0, 0, 45],
			"translation": [4.5, -4.5, 0],
			"scale": [0.9, 0.9, 0.9]
		}
	}
}