{
	"credit": "Made by Dan_gaming",
	"parent": "item/galactium_tool_display",
	"textures": {
		"0": "item/netherite_sword",
		"particle": "item/netherite_sword"
	},
	"elements": [
		{
			"from": [6, 8, 7.5],
			"to": [8, 10, 8.5],
			"faces": {
				"north": {"uv": [8, 6, 6, 8], "texture": "#0"},
				"east": {"uv": [8, 6, 7, 8], "texture": "#0"},
				"south": {"uv": [6, 6, 8, 8], "texture": "#0"},
				"west": {"uv": [6, 6, 7, 8], "texture": "#0"},
				"up": {"uv": [6, 6, 8, 7], "texture": "#0"},
				"down": {"uv": [6, 8, 8, 7], "texture": "#0"}
			}
		},
		{
			"from": [5, 8, 7.5],
			"to": [6, 9, 8.5],
			"faces": {
				"north": {"uv": [5, 7, 6, 8], "texture": "#0"},
				"east": {"uv": [6, 7, 5, 8], "texture": "#0"},
				"south": {"uv": [5, 7, 6, 8], "texture": "#0"},
				"west": {"uv": [5, 7, 6, 8], "texture": "#0"},
				"up": {"uv": [5, 7, 6, 8], "texture": "#0"},
				"down": {"uv": [5, 8, 6, 7], "texture": "#0"}
			}
		},
		{
			"from": [8, 5, 7.5],
			"to": [9, 6, 8.5],
			"faces": {
				"north": {"uv": [8, 10, 9, 11], "texture": "#0"},
				"east": {"uv": [9, 10, 8, 11], "texture": "#0"},
				"south": {"uv": [8, 10, 9, 11], "texture": "#0"},
				"west": {"uv": [8, 10, 9, 11], "texture": "#0"},
				"up": {"uv": [8, 10, 9, 11], "texture": "#0"},
				"down": {"uv": [8, 11, 9, 10], "texture": "#0"}
			}
		},
		{
			"from": [8, 6, 7.5],
			"to": [10, 8, 8.5],
			"faces": {
				"north": {"uv": [10, 8, 8, 10], "texture": "#0"},
				"east": {"uv": [10, 8, 9, 10], "texture": "#0"},
				"south": {"uv": [8, 8, 10, 10], "texture": "#0"},
				"west": {"uv": [8, 8, 9, 10], "texture": "#0"},
				"up": {"uv": [8, 8, 10, 9], "texture": "#0"},
				"down": {"uv": [8, 10, 10, 9], "texture": "#0"}
			}
		},
		{
			"from": [8, 8, 7.5],
			"to": [12, 12, 8.5],
			"faces": {
				"north": {"uv": [12, 4, 8, 8], "texture": "#0"},
				"east": {"uv": [12, 4, 11, 8], "texture": "#0"},
				"south": {"uv": [8, 4, 12, 8], "texture": "#0"},
				"west": {"uv": [8, 4, 9, 8], "texture": "#0"},
				"up": {"uv": [8, 4, 12, 5], "texture": "#0"},
				"down": {"uv": [8, 8, 12, 7], "texture": "#0"}
			}
		},
		{
			"from": [10, 7, 7.5],
			"to": [11, 8, 8.5],
			"faces": {
				"north": {"uv": [10, 8, 11, 9], "texture": "#0"},
				"east": {"uv": [11, 8, 10, 9], "texture": "#0"},
				"south": {"uv": [10, 8, 11, 9], "texture": "#0"},
				"west": {"uv": [10, 8, 11, 9], "texture": "#0"},
				"up": {"uv": [10, 8, 11, 9], "texture": "#0"},
				"down": {"uv": [10, 9, 11, 8], "texture": "#0"}
			}
		},
		{
			"from": [12, 9, 7.5],
			"to": [13, 10, 8.5],
			"faces": {
				"north": {"uv": [12, 6, 13, 7], "texture": "#0"},
				"east": {"uv": [13, 6, 12, 7], "texture": "#0"},
				"south": {"uv": [12, 6, 13, 7], "texture": "#0"},
				"west": {"uv": [12, 6, 13, 7], "texture": "#0"},
				"up": {"uv": [12, 6, 13, 7], "texture": "#0"},
				"down": {"uv": [12, 7, 13, 6], "texture": "#0"}
			}
		},
		{
			"from": [12, 10, 7.5],
			"to": [14, 12, 8.5],
			"faces": {
				"north": {"uv": [14, 4, 12, 6], "texture": "#0"},
				"east": {"uv": [14, 4, 13, 6], "texture": "#0"},
				"south": {"uv": [12, 4, 14, 6], "texture": "#0"},
				"west": {"uv": [12, 4, 13, 6], "texture": "#0"},
				"up": {"uv": [12, 4, 14, 5], "texture": "#0"},
				"down": {"uv": [12, 6, 14, 5], "texture": "#0"}
			}
		},
		{
			"from": [14, 11, 7.5],
			"to": [15, 12, 8.5],
			"faces": {
				"north": {"uv": [14, 4, 15, 5], "texture": "#0"},
				"east": {"uv": [15, 4, 14, 5], "texture": "#0"},
				"south": {"uv": [14, 4, 15, 5], "texture": "#0"},
				"west": {"uv": [14, 4, 15, 5], "texture": "#0"},
				"up": {"uv": [14, 4, 15, 5], "texture": "#0"},
				"down": {"uv": [14, 5, 15, 4], "texture": "#0"}
			}
		},
		{
			"from": [12, 12, 7.5],
			"to": [16, 16, 8.5],
			"faces": {
				"north": {"uv": [16, 0, 12, 4], "texture": "#0"},
				"east": {"uv": [16, 0, 15, 4], "texture": "#0"},
				"south": {"uv": [12, 0, 16, 4], "texture": "#0"},
				"west": {"uv": [12, 0, 13, 4], "texture": "#0"},
				"up": {"uv": [12, 0, 16, 1], "texture": "#0"},
				"down": {"uv": [12, 4, 16, 3], "texture": "#0"}
			}
		},
		{
			"from": [10, 12, 7.5],
			"to": [12, 14, 8.5],
			"faces": {
				"north": {"uv": [12, 2, 10, 4], "texture": "#0"},
				"east": {"uv": [12, 2, 11, 4], "texture": "#0"},
				"south": {"uv": [10, 2, 12, 4], "texture": "#0"},
				"west": {"uv": [10, 2, 11, 4], "texture": "#0"},
				"up": {"uv": [10, 2, 12, 3], "texture": "#0"},
				"down": {"uv": [10, 4, 12, 3], "texture": "#0"}
			}
		},
		{
			"from": [11, 14, 7.5],
			"to": [12, 15, 8.5],
			"faces": {
				"north": {"uv": [11, 1, 12, 2], "texture": "#0"},
				"east": {"uv": [12, 1, 11, 2], "texture": "#0"},
				"south": {"uv": [11, 1, 12, 2], "texture": "#0"},
				"west": {"uv": [11, 1, 12, 2], "texture": "#0"},
				"up": {"uv": [11, 1, 12, 2], "texture": "#0"},
				"down": {"uv": [11, 2, 12, 1], "texture": "#0"}
			}
		},
		{
			"from": [9, 12, 7.5],
			"to": [10, 13, 8.5],
			"faces": {
				"north": {"uv": [9, 3, 10, 4], "texture": "#0"},
				"east": {"uv": [10, 3, 9, 4], "texture": "#0"},
				"south": {"uv": [9, 3, 10, 4], "texture": "#0"},
				"west": {"uv": [9, 3, 10, 4], "texture": "#0"},
				"up": {"uv": [9, 3, 10, 4], "texture": "#0"},
				"down": {"uv": [9, 4, 10, 3], "texture": "#0"}
			}
		},
		{
			"from": [7, 10, 7.5],
			"to": [8, 11, 8.5],
			"faces": {
				"north": {"uv": [7, 5, 8, 6], "texture": "#0"},
				"east": {"uv": [8, 5, 7, 6], "texture": "#0"},
				"south": {"uv": [7, 5, 8, 6], "texture": "#0"},
				"west": {"uv": [7, 5, 8, 6], "texture": "#0"},
				"up": {"uv": [7, 5, 8, 6], "texture": "#0"},
				"down": {"uv": [7, 6, 8, 5], "texture": "#0"}
			}
		},
		{
			"from": [3, 3, 7.5],
			"to": [8, 8, 8.5],
			"faces": {
				"north": {"uv": [8, 8, 3, 13], "texture": "#0"},
				"east": {"uv": [7, 8, 8, 13], "texture": "#0"},
				"south": {"uv": [3, 8, 8, 13], "texture": "#0"},
				"west": {"uv": [3, 8, 4, 13], "texture": "#0"},
				"up": {"uv": [3, 8, 8, 9], "texture": "#0"},
				"down": {"uv": [3, 12, 8, 13], "texture": "#0"}
			}
		},
		{
			"from": [2, 5, 7.5],
			"to": [3, 11, 8.5],
			"faces": {
				"north": {"uv": [2, 5, 3, 11], "texture": "#0"},
				"east": {"uv": [3, 5, 2, 11], "texture": "#0"},
				"south": {"uv": [2, 5, 3, 11], "texture": "#0"},
				"west": {"uv": [2, 5, 3, 11], "texture": "#0"},
				"up": {"uv": [2, 5, 3, 6], "texture": "#0"},
				"down": {"uv": [2, 11, 3, 10], "texture": "#0"}
			}
		},
		{
			"from": [3, 9, 7.5],
			"to": [4, 10, 8.5],
			"faces": {
				"north": {"uv": [3, 6, 4, 7], "texture": "#0"},
				"east": {"uv": [4, 6, 3, 7], "texture": "#0"},
				"south": {"uv": [3, 6, 4, 7], "texture": "#0"},
				"west": {"uv": [3, 6, 4, 7], "texture": "#0"},
				"up": {"uv": [3, 6, 4, 7], "texture": "#0"},
				"down": {"uv": [3, 7, 4, 6], "texture": "#0"}
			}
		},
		{
			"from": [1, 6, 7.5],
			"to": [2, 11, 8.5],
			"faces": {
				"north": {"uv": [1, 5, 2, 10], "texture": "#0"},
				"east": {"uv": [2, 5, 1, 10], "texture": "#0"},
				"south": {"uv": [1, 5, 2, 10], "texture": "#0"},
				"west": {"uv": [1, 5, 2, 10], "texture": "#0"},
				"up": {"uv": [1, 5, 2, 6], "texture": "#0"},
				"down": {"uv": [1, 10, 2, 9], "texture": "#0"}
			}
		},
		{
			"from": [0, 7, 7.5],
			"to": [1, 11, 8.5],
			"faces": {
				"north": {"uv": [0, 5, 1, 9], "texture": "#0"},
				"east": {"uv": [1, 5, 0, 9], "texture": "#0"},
				"south": {"uv": [0, 5, 1, 9], "texture": "#0"},
				"west": {"uv": [0, 5, 1, 9], "texture": "#0"},
				"up": {"uv": [0, 5, 1, 6], "texture": "#0"},
				"down": {"uv": [0, 9, 1, 8], "texture": "#0"}
			}
		},
		{
			"from": [5, 2, 7.5],
			"to": [11, 3, 8.5],
			"faces": {
				"north": {"uv": [11, 13, 5, 14], "texture": "#0"},
				"east": {"uv": [11, 13, 10, 14], "texture": "#0"},
				"south": {"uv": [5, 13, 11, 14], "texture": "#0"},
				"west": {"uv": [5, 13, 6, 14], "texture": "#0"},
				"up": {"uv": [5, 13, 11, 14], "texture": "#0"},
				"down": {"uv": [5, 14, 11, 13], "texture": "#0"}
			}
		},
		{
			"from": [6, 1, 7.5],
			"to": [11, 2, 8.5],
			"faces": {
				"north": {"uv": [6, 14, 11, 15], "texture": "#0"},
				"east": {"uv": [11, 14, 10, 15], "texture": "#0"},
				"south": {"uv": [6, 14, 11, 15], "texture": "#0"},
				"west": {"uv": [6, 14, 7, 15], "texture": "#0"},
				"up": {"uv": [6, 14, 11, 15], "texture": "#0"},
				"down": {"uv": [6, 15, 11, 14], "texture": "#0"}
			}
		},
		{
			"from": [7, 0, 7.5],
			"to": [10, 1, 8.5],
			"faces": {
				"north": {"uv": [7, 15, 10, 16], "texture": "#0"},
				"east": {"uv": [10, 15, 9, 16], "texture": "#0"},
				"south": {"uv": [7, 15, 10, 16], "texture": "#0"},
				"west": {"uv": [7, 15, 8, 16], "texture": "#0"},
				"up": {"uv": [7, 15, 10, 16], "texture": "#0"},
				"down": {"uv": [7, 16, 10, 15], "texture": "#0"}
			}
		},
		{
			"from": [9, 3, 7.5],
			"to": [10, 4, 8.5],
			"faces": {
				"north": {"uv": [9, 12, 10, 13], "texture": "#0"},
				"east": {"uv": [10, 12, 9, 13], "texture": "#0"},
				"south": {"uv": [9, 12, 10, 13], "texture": "#0"},
				"west": {"uv": [9, 12, 10, 13], "texture": "#0"},
				"up": {"uv": [9, 12, 10, 13], "texture": "#0"},
				"down": {"uv": [9, 13, 10, 12], "texture": "#0"}
			}
		},
		{
			"from": [0, 0, 7.5],
			"to": [2, 2, 8.5],
			"faces": {
				"north": {"uv": [0, 14, 2, 16], "texture": "#0"},
				"east": {"uv": [1, 14, 2, 16], "texture": "#0"},
				"south": {"uv": [0, 14, 2, 16], "texture": "#0"},
				"west": {"uv": [0, 14, 1, 16], "texture": "#0"},
				"up": {"uv": [0, 14, 2, 15], "texture": "#0"},
				"down": {"uv": [0, 15, 2, 16], "texture": "#0"}
			}
		},
		{
			"from": [2, 1, 7.5],
			"to": [3, 2, 8.5],
			"faces": {
				"north": {"uv": [2, 14, 3, 15], "texture": "#0"},
				"east": {"uv": [3, 14, 2, 15], "texture": "#0"},
				"south": {"uv": [2, 14, 3, 15], "texture": "#0"},
				"west": {"uv": [2, 14, 3, 15], "texture": "#0"},
				"up": {"uv": [2, 14, 3, 15], "texture": "#0"},
				"down": {"uv": [2, 15, 3, 14], "texture": "#0"}
			}
		},
		{
			"from": [1, 2, 7.5],
			"to": [2, 3, 8.5],
			"faces": {
				"north": {"uv": [1, 13, 2, 14], "texture": "#0"},
				"east": {"uv": [2, 13, 1, 14], "texture": "#0"},
				"south": {"uv": [1, 13, 2, 14], "texture": "#0"},
				"west": {"uv": [1, 13, 2, 14], "texture": "#0"},
				"up": {"uv": [1, 13, 2, 14], "texture": "#0"},
				"down": {"uv": [1, 14, 2, 13], "texture": "#0"}
			}
		},
		{
			"from": [2, 2, 7.5],
			"to": [3, 3, 8.5],
			"faces": {
				"north": {"uv": [2, 13, 3, 14], "texture": "#0"},
				"east": {"uv": [3, 13, 2, 14], "texture": "#0"},
				"south": {"uv": [2, 13, 3, 14], "texture": "#0"},
				"west": {"uv": [2, 13, 3, 14], "texture": "#0"},
				"up": {"uv": [2, 13, 3, 14], "texture": "#0"},
				"down": {"uv": [2, 14, 3, 13], "texture": "#0"}
			}
		},
		{
			"from": [3, 2, 7.5],
			"to": [4, 3, 8.5],
			"faces": {
				"north": {"uv": [3, 13, 4, 14], "texture": "#0"},
				"east": {"uv": [4, 13, 3, 14], "texture": "#0"},
				"south": {"uv": [3, 13, 4, 14], "texture": "#0"},
				"west": {"uv": [3, 13, 4, 14], "texture": "#0"},
				"up": {"uv": [3, 13, 4, 14], "texture": "#0"},
				"down": {"uv": [3, 14, 4, 13], "texture": "#0"}
			}
		},
		{
			"from": [2, 3, 7.5],
			"to": [3, 4, 8.5],
			"faces": {
				"north": {"uv": [2, 12, 3, 13], "texture": "#0"},
				"east": {"uv": [3, 12, 2, 13], "texture": "#0"},
				"south": {"uv": [2, 12, 3, 13], "texture": "#0"},
				"west": {"uv": [2, 12, 3, 13], "texture": "#0"},
				"up": {"uv": [2, 12, 3, 13], "texture": "#0"},
				"down": {"uv": [2, 13, 3, 12], "texture": "#0"}
			}
		}
	],
	"groups": [
		{
			"name": "sword",
			"origin": [8, 8, 8],
			"color": 0,
			"children": [
				{
					"name": "blade",
					"origin": [0, 0, 0],
					"color": 0,
					"children": [0, 1, 2, 3, 4, 5, 6, 7, 8, 9, 10, 11, 12, 13]
				},
				{
					"name": "handle",
					"origin": [0, 0, 0],
					"color": 0,
					"children": [
						{
							"name": "top",
							"origin": [0, 0, 0],
							"color": 0,
							"children": [14, 15, 16, 17, 18, 19, 20, 21, 22]
						},
						{
							"name": "bottom",
							"origin": [0, 0, 0],
							"color": 0,
							"children": [23, 24, 25, 26, 27, 28]
						}
					]
				}
			]
		}
	]
}