{
	"credit": "Made by Dan_Gaming",
	"parent": "item/galactium_tool_display",
	"textures": {
		"particle": "item/netherite_pickaxe",
		"pickaxe": "item/netherite_pickaxe"
	},
	"elements": [
		{
			"name": "pickaxe_14b",
			"from": [12, 1, 7.5],
			"to": [13, 2, 8.5],
			"faces": {
				"north": {"uv": [13, 14, 12, 15], "texture": "#pickaxe"},
				"east": {"uv": [12, 14, 13, 15], "texture": "#pickaxe"},
				"south": {"uv": [12, 14, 13, 15], "texture": "#pickaxe"},
				"west": {"uv": [12, 14, 13, 15], "texture": "#pickaxe"},
				"up": {"uv": [12, 14, 13, 15], "texture": "#pickaxe"},
				"down": {"uv": [12, 14, 13, 15], "texture": "#pickaxe"}
			}
		},
		{
			"name": "pickaxe_13b",
			"from": [14, 2, 7.5],
			"to": [15, 3, 8.5],
			"faces": {
				"north": {"uv": [15, 13, 14, 14], "texture": "#pickaxe"},
				"east": {"uv": [14, 13, 15, 14], "texture": "#pickaxe"},
				"south": {"uv": [14, 13, 15, 14], "texture": "#pickaxe"},
				"west": {"uv": [14, 13, 15, 14], "texture": "#pickaxe"},
				"up": {"uv": [14, 13, 15, 14], "texture": "#pickaxe"},
				"down": {"uv": [14, 13, 15, 14], "texture": "#pickaxe"}
			}
		},
		{
			"name": "pickaxe_12b",
			"from": [13, 3, 7.5],
			"to": [14, 4, 8.5],
			"faces": {
				"north": {"uv": [14, 12, 13, 13], "texture": "#pickaxe"},
				"east": {"uv": [13, 12, 14, 13], "texture": "#pickaxe"},
				"south": {"uv": [13, 12, 14, 13], "texture": "#pickaxe"},
				"west": {"uv": [13, 12, 14, 13], "texture": "#pickaxe"},
				"up": {"uv": [13, 12, 14, 13], "texture": "#pickaxe"},
				"down": {"uv": [13, 12, 14, 13], "texture": "#pickaxe"}
			}
		},
		{
			"name": "pickaxe_11b",
			"from": [15, 3, 7.5],
			"to": [16, 4, 8.5],
			"faces": {
				"north": {"uv": [16, 12, 15, 13], "texture": "#pickaxe"},
				"east": {"uv": [15, 12, 16, 13], "texture": "#pickaxe"},
				"south": {"uv": [15, 12, 16, 13], "texture": "#pickaxe"},
				"west": {"uv": [15, 12, 16, 13], "texture": "#pickaxe"},
				"up": {"uv": [15, 12, 16, 13], "texture": "#pickaxe"},
				"down": {"uv": [15, 12, 16, 13], "texture": "#pickaxe"}
			}
		},
		{
			"name": "pickaxe_10b",
			"from": [14, 4, 7.5],
			"to": [16, 5, 8.5],
			"faces": {
				"north": {"uv": [16, 11, 14, 12], "texture": "#pickaxe"},
				"east": {"uv": [14, 11, 16, 12], "texture": "#pickaxe"},
				"south": {"uv": [14, 11, 16, 12], "texture": "#pickaxe"},
				"west": {"uv": [14, 11, 16, 12], "texture": "#pickaxe"},
				"up": {"uv": [14, 11, 16, 12], "texture": "#pickaxe"},
				"down": {"uv": [14, 11, 16, 12], "texture": "#pickaxe"}
			}
		},
		{
			"name": "pickaxe_14a",
			"from": [1, 12, 7.5],
			"to": [2, 13, 8.5],
			"faces": {
				"north": {"uv": [2, 3, 1, 4], "texture": "#pickaxe"},
				"east": {"uv": [1, 3, 2, 4], "texture": "#pickaxe"},
				"south": {"uv": [1, 3, 2, 4], "texture": "#pickaxe"},
				"west": {"uv": [1, 3, 2, 4], "texture": "#pickaxe"},
				"up": {"uv": [1, 3, 2, 4], "texture": "#pickaxe"},
				"down": {"uv": [1, 3, 2, 4], "texture": "#pickaxe"}
			}
		},
		{
			"name": "pickaxe_13a",
			"from": [2, 14, 7.5],
			"to": [3, 15, 8.5],
			"faces": {
				"north": {"uv": [3, 1, 2, 2], "texture": "#pickaxe"},
				"east": {"uv": [2, 1, 3, 2], "texture": "#pickaxe"},
				"south": {"uv": [2, 1, 3, 2], "texture": "#pickaxe"},
				"west": {"uv": [2, 1, 3, 2], "texture": "#pickaxe"},
				"up": {"uv": [2, 1, 3, 2], "texture": "#pickaxe"},
				"down": {"uv": [2, 1, 3, 2], "texture": "#pickaxe"}
			}
		},
		{
			"name": "pickaxe_12a",
			"from": [3, 13, 7.5],
			"to": [4, 14, 8.5],
			"faces": {
				"north": {"uv": [4, 2, 3, 3], "texture": "#pickaxe"},
				"east": {"uv": [3, 2, 4, 3], "texture": "#pickaxe"},
				"south": {"uv": [3, 2, 4, 3], "texture": "#pickaxe"},
				"west": {"uv": [3, 2, 4, 3], "texture": "#pickaxe"},
				"up": {"uv": [3, 2, 4, 3], "texture": "#pickaxe"},
				"down": {"uv": [3, 2, 4, 3], "texture": "#pickaxe"}
			}
		},
		{
			"name": "pickaxe_11a",
			"from": [3, 15, 7.5],
			"to": [4, 16, 8.5],
			"faces": {
				"north": {"uv": [4, 0, 3, 1], "texture": "#pickaxe"},
				"east": {"uv": [3, 0, 4, 1], "texture": "#pickaxe"},
				"south": {"uv": [3, 0, 4, 1], "texture": "#pickaxe"},
				"west": {"uv": [3, 0, 4, 1], "texture": "#pickaxe"},
				"up": {"uv": [3, 0, 4, 1], "texture": "#pickaxe"},
				"down": {"uv": [3, 0, 4, 1], "texture": "#pickaxe"}
			}
		},
		{
			"name": "pickaxe_10a",
			"from": [4, 14, 7.5],
			"to": [5, 16, 8.5],
			"faces": {
				"north": {"uv": [5, 0, 4, 2], "texture": "#pickaxe"},
				"east": {"uv": [4, 0, 5, 2], "texture": "#pickaxe"},
				"south": {"uv": [4, 0, 5, 2], "texture": "#pickaxe"},
				"west": {"uv": [4, 0, 5, 2], "texture": "#pickaxe"},
				"up": {"uv": [4, 0, 5, 1], "texture": "#pickaxe"},
				"down": {"uv": [4, 1, 5, 2], "texture": "#pickaxe"}
			}
		},
		{
			"name": "pickaxe_9ba",
			"from": [13, 11, 7.5],
			"to": [14.999, 12, 8.5],
			"rotation": {"angle": 0, "axis": "y", "origin": [14, 11.5, 8]},
			"faces": {
				"north": {"uv": [15, 4, 13, 5], "texture": "#pickaxe"},
				"east": {"uv": [14, 4, 15, 5], "texture": "#pickaxe"},
				"south": {"uv": [13, 4, 15, 5], "texture": "#pickaxe"},
				"west": {"uv": [13, 4, 14, 5], "texture": "#pickaxe"},
				"up": {"uv": [13, 4, 15, 5], "texture": "#pickaxe"},
				"down": {"uv": [13, 5, 15, 4], "texture": "#pickaxe"}
			}
		},
		{
			"name": "pickaxe_9b",
			"from": [13, 5, 7.5],
			"to": [16, 11, 8.5],
			"faces": {
				"north": {"uv": [16, 5, 13, 11], "texture": "#pickaxe"},
				"east": {"uv": [15, 5, 16, 11], "texture": "#pickaxe"},
				"south": {"uv": [13, 5, 16, 11], "texture": "#pickaxe"},
				"west": {"uv": [14, 5, 13, 11], "texture": "#pickaxe"},
				"up": {"uv": [13, 6, 16, 5], "texture": "#pickaxe"},
				"down": {"uv": [13, 10, 16, 11], "texture": "#pickaxe"}
			}
		},
		{
			"name": "pickaxe_9aa",
			"from": [11, 13, 7.5],
			"to": [12, 15, 8.5],
			"faces": {
				"north": {"uv": [12, 1, 11, 3], "texture": "#pickaxe"},
				"east": {"uv": [11, 1, 12, 3], "texture": "#pickaxe"},
				"south": {"uv": [11, 1, 12, 3], "texture": "#pickaxe"},
				"west": {"uv": [11, 1, 12, 3], "texture": "#pickaxe"},
				"up": {"uv": [11, 1, 12, 2], "texture": "#pickaxe"},
				"down": {"uv": [11, 2, 12, 3], "texture": "#pickaxe"}
			}
		},
		{
			"name": "pickaxe_9a",
			"from": [5, 13, 7.5],
			"to": [11, 16, 8.5],
			"faces": {
				"north": {"uv": [11, 0, 5, 3], "texture": "#pickaxe"},
				"east": {"uv": [10, 0, 11, 3], "texture": "#pickaxe"},
				"south": {"uv": [5, 0, 11, 3], "texture": "#pickaxe"},
				"west": {"uv": [5, 0, 6, 3], "texture": "#pickaxe"},
				"up": {"uv": [5, 0, 11, 1], "texture": "#pickaxe"},
				"down": {"uv": [5, 2, 11, 3], "texture": "#pickaxe"}
			}
		},
		{
			"name": "pickaxe_8bb",
			"from": [12, 7, 7.5],
			"to": [13, 8, 8.5],
			"faces": {
				"north": {"uv": [13, 8, 12, 9], "texture": "#pickaxe"},
				"east": {"uv": [12, 8, 13, 9], "texture": "#pickaxe"},
				"south": {"uv": [12, 8, 13, 9], "texture": "#pickaxe"},
				"west": {"uv": [12, 8, 13, 9], "texture": "#pickaxe"},
				"up": {"uv": [12, 8, 13, 9], "texture": "#pickaxe"},
				"down": {"uv": [12, 8, 13, 9], "texture": "#pickaxe"}
			}
		},
		{
			"name": "pickaxe_8ba",
			"from": [9, 7, 7.5],
			"to": [10, 8, 8.5],
			"faces": {
				"north": {"uv": [10, 8, 9, 9], "texture": "#pickaxe"},
				"east": {"uv": [9, 8, 10, 9], "texture": "#pickaxe"},
				"south": {"uv": [9, 8, 10, 9], "texture": "#pickaxe"},
				"west": {"uv": [9, 8, 10, 9], "texture": "#pickaxe"},
				"up": {"uv": [9, 8, 10, 9], "texture": "#pickaxe"},
				"down": {"uv": [9, 8, 10, 9], "texture": "#pickaxe"}
			}
		},
		{
			"name": "pickaxe_8b",
			"from": [9, 8, 7.5],
			"to": [13, 9, 8.5],
			"faces": {
				"north": {"uv": [13, 7, 9, 8], "texture": "#pickaxe"},
				"east": {"uv": [12, 7, 13, 8], "texture": "#pickaxe"},
				"south": {"uv": [9, 7, 13, 8], "texture": "#pickaxe"},
				"west": {"uv": [9, 7, 10, 8], "texture": "#pickaxe"},
				"up": {"uv": [9, 7, 13, 8], "texture": "#pickaxe"},
				"down": {"uv": [9, 7, 13, 8], "texture": "#pickaxe"}
			}
		},
		{
			"name": "pickaxe_8ab",
			"from": [7, 12, 7.5],
			"to": [8, 13, 8.5],
			"faces": {
				"north": {"uv": [8, 3, 7, 4], "texture": "#pickaxe"},
				"east": {"uv": [7, 3, 8, 4], "texture": "#pickaxe"},
				"south": {"uv": [7, 3, 8, 4], "texture": "#pickaxe"},
				"west": {"uv": [7, 3, 8, 4], "texture": "#pickaxe"},
				"up": {"uv": [7, 3, 8, 4], "texture": "#pickaxe"},
				"down": {"uv": [7, 3, 8, 4], "texture": "#pickaxe"}
			}
		},
		{
			"name": "pickaxe_8aa",
			"from": [7, 9, 7.5],
			"to": [8, 10, 8.5],
			"faces": {
				"north": {"uv": [8, 6, 7, 7], "texture": "#pickaxe"},
				"east": {"uv": [7, 6, 8, 7], "texture": "#pickaxe"},
				"south": {"uv": [7, 6, 8, 7], "texture": "#pickaxe"},
				"west": {"uv": [7, 6, 8, 7], "texture": "#pickaxe"},
				"up": {"uv": [7, 6, 8, 7], "texture": "#pickaxe"},
				"down": {"uv": [7, 6, 8, 7], "texture": "#pickaxe"}
			}
		},
		{
			"name": "pickaxe_8a",
			"from": [8, 9, 7.5],
			"to": [9, 13, 8.5],
			"faces": {
				"north": {"uv": [9, 3, 8, 7], "texture": "#pickaxe"},
				"east": {"uv": [8, 3, 9, 7], "texture": "#pickaxe"},
				"south": {"uv": [8, 3, 9, 7], "texture": "#pickaxe"},
				"west": {"uv": [8, 3, 9, 7], "texture": "#pickaxe"},
				"up": {"uv": [8, 3, 9, 4], "texture": "#pickaxe"},
				"down": {"uv": [8, 6, 9, 7], "texture": "#pickaxe"}
			}
		},
		{
			"name": "pickaxe_8",
			"from": [9, 9, 7.5],
			"to": [13, 13, 8.5],
			"faces": {
				"north": {"uv": [13, 3, 9, 7], "texture": "#pickaxe"},
				"east": {"uv": [12, 3, 13, 7], "texture": "#pickaxe"},
				"south": {"uv": [9, 3, 13, 7], "texture": "#pickaxe"},
				"west": {"uv": [9, 3, 10, 7], "texture": "#pickaxe"},
				"up": {"uv": [9, 3, 13, 4], "texture": "#pickaxe"},
				"down": {"uv": [9, 6, 13, 7], "texture": "#pickaxe"}
			}
		},
		{
			"name": "pickaxe_7b",
			"from": [7, 4, 7.5],
			"to": [8, 5, 8.5],
			"faces": {
				"north": {"uv": [8, 11, 7, 12], "texture": "#pickaxe"},
				"east": {"uv": [7, 11, 8, 12], "texture": "#pickaxe"},
				"south": {"uv": [7, 11, 8, 12], "texture": "#pickaxe"},
				"west": {"uv": [7, 11, 8, 12], "texture": "#pickaxe"},
				"up": {"uv": [7, 11, 8, 12], "texture": "#pickaxe"},
				"down": {"uv": [7, 11, 8, 12], "texture": "#pickaxe"}
			}
		},
		{
			"name": "pickaxe_7a",
			"from": [4, 7, 7.5],
			"to": [5.001, 8, 8.5],
			"faces": {
				"north": {"uv": [5, 8, 4, 9], "texture": "#pickaxe"},
				"east": {"uv": [4, 8, 5, 9], "texture": "#pickaxe"},
				"south": {"uv": [4, 8, 5, 9], "texture": "#pickaxe"},
				"west": {"uv": [4, 8, 5, 9], "texture": "#pickaxe"},
				"up": {"uv": [4, 8, 5, 9], "texture": "#pickaxe"},
				"down": {"uv": [4, 8, 5, 9], "texture": "#pickaxe"}
			}
		},
		{
			"name": "pickaxe_7",
			"from": [5, 5, 7.5],
			"to": [9, 9, 8.5],
			"faces": {
				"north": {"uv": [9, 7, 5, 11], "texture": "#pickaxe"},
				"east": {"uv": [8, 7, 9, 11], "texture": "#pickaxe"},
				"south": {"uv": [5, 7, 9, 11], "texture": "#pickaxe"},
				"west": {"uv": [5, 7, 6, 11], "texture": "#pickaxe"},
				"up": {"uv": [5, 7, 9, 8], "texture": "#pickaxe"},
				"down": {"uv": [5, 10, 9, 11], "texture": "#pickaxe"}
			}
		},
		{
			"name": "pickaxe_6",
			"from": [4, 5, 7.5],
			"to": [5, 6, 8.5],
			"faces": {
				"north": {"uv": [5, 10, 4, 11], "texture": "#pickaxe"},
				"east": {"uv": [5, 10, 4, 11], "texture": "#pickaxe"},
				"south": {"uv": [4, 10, 5, 11], "texture": "#pickaxe"},
				"west": {"uv": [4, 10, 5, 11], "texture": "#pickaxe"},
				"up": {"uv": [4, 10, 5, 11], "texture": "#pickaxe"},
				"down": {"uv": [4, 10, 5, 11], "texture": "#pickaxe"}
			}
		},
		{
			"name": "pickaxe_5",
			"from": [3, 4, 7.5],
			"to": [6, 5, 8.5],
			"faces": {
				"north": {"uv": [6, 11, 3, 12], "texture": "#pickaxe"},
				"east": {"uv": [5, 11, 6, 12], "texture": "#pickaxe"},
				"south": {"uv": [3, 11, 6, 12], "texture": "#pickaxe"},
				"west": {"uv": [3, 11, 4, 12], "texture": "#pickaxe"},
				"up": {"uv": [3, 11, 6, 12], "texture": "#pickaxe"},
				"down": {"uv": [3, 11, 6, 12], "texture": "#pickaxe"}
			}
		},
		{
			"name": "pickaxe_4",
			"from": [2, 3, 7.5],
			"to": [5, 4, 8.5],
			"faces": {
				"north": {"uv": [5, 12, 2, 13], "texture": "#pickaxe"},
				"east": {"uv": [4, 12, 5, 13], "texture": "#pickaxe"},
				"south": {"uv": [2, 12, 5, 13], "texture": "#pickaxe"},
				"west": {"uv": [2, 12, 3, 13], "texture": "#pickaxe"},
				"up": {"uv": [2, 12, 5, 13], "texture": "#pickaxe"},
				"down": {"uv": [2, 12, 5, 13], "texture": "#pickaxe"}
			}
		},
		{
			"name": "pickaxe_3",
			"from": [1, 2, 7.5],
			"to": [4, 3, 8.5],
			"faces": {
				"north": {"uv": [4, 13, 1, 14], "texture": "#pickaxe"},
				"east": {"uv": [3, 13, 4, 14], "texture": "#pickaxe"},
				"south": {"uv": [1, 13, 4, 14], "texture": "#pickaxe"},
				"west": {"uv": [1, 13, 2, 14], "texture": "#pickaxe"},
				"up": {"uv": [1, 13, 4, 14], "texture": "#pickaxe"},
				"down": {"uv": [1, 13, 4, 14], "texture": "#pickaxe"}
			}
		},
		{
			"name": "pickaxe_2",
			"from": [0, 1, 7.5],
			"to": [3, 2, 8.5],
			"faces": {
				"north": {"uv": [3, 14, 0, 15], "texture": "#pickaxe"},
				"east": {"uv": [2, 14, 3, 15], "texture": "#pickaxe"},
				"south": {"uv": [0, 14, 3, 15], "texture": "#pickaxe"},
				"west": {"uv": [0, 14, 1, 15], "texture": "#pickaxe"},
				"up": {"uv": [0, 14, 3, 15], "texture": "#pickaxe"},
				"down": {"uv": [0, 14, 3, 15], "texture": "#pickaxe"}
			}
		},
		{
			"name": "pickaxe_1",
			"from": [1, 0, 7.5],
			"to": [2, 1, 8.5],
			"faces": {
				"north": {"uv": [2, 15, 1, 16], "texture": "#pickaxe"},
				"east": {"uv": [1, 15, 2, 16], "texture": "#pickaxe"},
				"south": {"uv": [1, 15, 2, 16], "texture": "#pickaxe"},
				"west": {"uv": [1, 15, 2, 16], "texture": "#pickaxe"},
				"up": {"uv": [1, 15, 2, 16], "texture": "#pickaxe"},
				"down": {"uv": [1, 15, 2, 16], "texture": "#pickaxe"}
			}
		}
	],
	"gui_light": "front",
	"display": {},
	"groups": [
		{
			"name": "pickaxe",
			"origin": [8, 8, 8],
			"color": 0,
			"children": [0, 1, 2, 3, 4, 5, 6, 7, 8, 9, 10, 11, 12, 13, 14, 15, 16, 17, 18, 19, 20, 21, 22, 23, 24, 25, 26, 27, 28, 29]
		}
	]
}