{
	"credit": "Made with Blockbench",
	"parent": "item/galactium_tool_display",
	"ambientocclusion": false,
	"textures": {
		"0": "item/netherite_axe",
		"particle": "item/netherite_axe"
	},
	"elements": [
		{
			"from": [0, 0, 7.5],
			"to": [2, 2, 8.5],
			"faces": {
				"north": {"uv": [4, 14, 2, 16], "texture": "#0"},
				"east": {"uv": [3, 14, 4, 16], "texture": "#0"},
				"south": {"uv": [2, 14, 4, 16], "texture": "#0"},
				"west": {"uv": [2, 14, 3, 16], "texture": "#0"},
				"up": {"uv": [2, 14, 4, 15], "texture": "#0"},
				"down": {"uv": [2, 15, 4, 16], "texture": "#0"}
			}
		},
		{
			"from": [2, 2, 7.5],
			"to": [4, 4, 8.5],
			"faces": {
				"north": {"uv": [6, 12, 4, 14], "texture": "#0"},
				"east": {"uv": [5, 12, 6, 14], "texture": "#0"},
				"south": {"uv": [4, 12, 6, 14], "texture": "#0"},
				"west": {"uv": [4, 12, 5, 14], "texture": "#0"},
				"up": {"uv": [4, 12, 6, 13], "texture": "#0"},
				"down": {"uv": [4, 13, 6, 14], "texture": "#0"}
			}
		},
		{
			"from": [2, 1, 7.5],
			"to": [3, 2, 8.5],
			"faces": {
				"north": {"uv": [5, 14, 4, 15], "texture": "#0"},
				"east": {"uv": [4, 14, 5, 15], "texture": "#0"},
				"south": {"uv": [4, 14, 5, 15], "texture": "#0"},
				"west": {"uv": [4, 14, 5, 15], "texture": "#0"},
				"up": {"uv": [4, 14, 5, 15], "texture": "#0"},
				"down": {"uv": [4, 14, 5, 15], "texture": "#0"}
			}
		},
		{
			"from": [4, 3, 7.5],
			"to": [5, 4, 8.5],
			"faces": {
				"north": {"uv": [7, 12, 6, 13], "texture": "#0"},
				"east": {"uv": [6, 12, 7, 13], "texture": "#0"},
				"south": {"uv": [6, 12, 7, 13], "texture": "#0"},
				"west": {"uv": [6, 12, 7, 13], "texture": "#0"},
				"up": {"uv": [6, 12, 7, 13], "texture": "#0"},
				"down": {"uv": [6, 12, 7, 13], "texture": "#0"}
			}
		},
		{
			"from": [3, 4, 7.5],
			"to": [4, 5, 8.5],
			"faces": {
				"north": {"uv": [6, 11, 5, 12], "texture": "#0"},
				"east": {"uv": [5, 11, 6, 12], "texture": "#0"},
				"south": {"uv": [5, 11, 6, 12], "texture": "#0"},
				"west": {"uv": [5, 11, 6, 12], "texture": "#0"},
				"up": {"uv": [5, 11, 6, 12], "texture": "#0"},
				"down": {"uv": [5, 11, 6, 12], "texture": "#0"}
			}
		},
		{
			"from": [2, 8, 7.5],
			"to": [3, 9, 8.5],
			"faces": {
				"north": {"uv": [5, 7, 4, 8], "texture": "#0"},
				"east": {"uv": [4, 7, 5, 8], "texture": "#0"},
				"south": {"uv": [4, 7, 5, 8], "texture": "#0"},
				"west": {"uv": [4, 7, 5, 8], "texture": "#0"},
				"up": {"uv": [4, 7, 5, 8], "texture": "#0"},
				"down": {"uv": [4, 7, 5, 8], "texture": "#0"}
			}
		},
		{
			"from": [2, 13, 7.5],
			"to": [3, 14, 8.5],
			"faces": {
				"north": {"uv": [5, 2, 4, 3], "texture": "#0"},
				"east": {"uv": [4, 2, 5, 3], "texture": "#0"},
				"south": {"uv": [4, 2, 5, 3], "texture": "#0"},
				"west": {"uv": [4, 2, 5, 3], "texture": "#0"},
				"up": {"uv": [4, 2, 5, 3], "texture": "#0"},
				"down": {"uv": [4, 2, 5, 3], "texture": "#0"}
			}
		},
		{
			"from": [3, 7, 7.5],
			"to": [4, 8, 8.5],
			"faces": {
				"north": {"uv": [6, 8, 5, 9], "texture": "#0"},
				"east": {"uv": [5, 8, 6, 9], "texture": "#0"},
				"south": {"uv": [5, 8, 6, 9], "texture": "#0"},
				"west": {"uv": [5, 8, 6, 9], "texture": "#0"},
				"up": {"uv": [5, 8, 6, 9], "texture": "#0"},
				"down": {"uv": [5, 8, 6, 9], "texture": "#0"}
			}
		},
		{
			"from": [3, 10, 7.5],
			"to": [4, 11, 8.5],
			"faces": {
				"north": {"uv": [6, 5, 5, 6], "texture": "#0"},
				"east": {"uv": [5, 5, 6, 6], "texture": "#0"},
				"south": {"uv": [5, 5, 6, 6], "texture": "#0"},
				"west": {"uv": [5, 5, 6, 6], "texture": "#0"},
				"up": {"uv": [5, 5, 6, 6], "texture": "#0"},
				"down": {"uv": [5, 5, 6, 6], "texture": "#0"}
			}
		},
		{
			"from": [7, 13, 7.5],
			"to": [8, 14, 8.5],
			"faces": {
				"north": {"uv": [10, 2, 9, 3], "texture": "#0"},
				"east": {"uv": [9, 2, 10, 3], "texture": "#0"},
				"south": {"uv": [9, 2, 10, 3], "texture": "#0"},
				"west": {"uv": [9, 2, 10, 3], "texture": "#0"},
				"up": {"uv": [9, 2, 10, 3], "texture": "#0"},
				"down": {"uv": [9, 2, 10, 3], "texture": "#0"}
			}
		},
		{
			"from": [10, 13, 7.5],
			"to": [11, 14, 8.5],
			"faces": {
				"north": {"uv": [13, 2, 12, 3], "texture": "#0"},
				"east": {"uv": [12, 2, 13, 3], "texture": "#0"},
				"south": {"uv": [12, 2, 13, 3], "texture": "#0"},
				"west": {"uv": [12, 2, 13, 3], "texture": "#0"},
				"up": {"uv": [12, 2, 13, 3], "texture": "#0"},
				"down": {"uv": [12, 2, 13, 3], "texture": "#0"}
			}
		},
		{
			"from": [5, 6, 7.5],
			"to": [6, 7, 8.5],
			"faces": {
				"north": {"uv": [8, 9, 7, 10], "texture": "#0"},
				"east": {"uv": [7, 9, 8, 10], "texture": "#0"},
				"south": {"uv": [7, 9, 8, 10], "texture": "#0"},
				"west": {"uv": [7, 9, 8, 10], "texture": "#0"},
				"up": {"uv": [7, 9, 8, 10], "texture": "#0"},
				"down": {"uv": [7, 9, 8, 10], "texture": "#0"}
			}
		},
		{
			"from": [5, 8, 7.5],
			"to": [6, 9, 8.5],
			"faces": {
				"north": {"uv": [8, 7, 7, 8], "texture": "#0"},
				"east": {"uv": [7, 7, 8, 8], "texture": "#0"},
				"south": {"uv": [7, 7, 8, 8], "texture": "#0"},
				"west": {"uv": [7, 7, 8, 8], "texture": "#0"},
				"up": {"uv": [7, 7, 8, 8], "texture": "#0"},
				"down": {"uv": [7, 7, 8, 8], "texture": "#0"}
			}
		},
		{
			"from": [9, 11, 7.5],
			"to": [10, 12, 8.5],
			"faces": {
				"north": {"uv": [12, 4, 11, 5], "texture": "#0"},
				"east": {"uv": [11, 4, 12, 5], "texture": "#0"},
				"south": {"uv": [11, 4, 12, 5], "texture": "#0"},
				"west": {"uv": [11, 4, 12, 5], "texture": "#0"},
				"up": {"uv": [11, 4, 12, 5], "texture": "#0"},
				"down": {"uv": [11, 4, 12, 5], "texture": "#0"}
			}
		},
		{
			"from": [6, 5, 7.5],
			"to": [7, 6, 8.5],
			"faces": {
				"north": {"uv": [9, 10, 8, 11], "texture": "#0"},
				"east": {"uv": [8, 10, 9, 11], "texture": "#0"},
				"south": {"uv": [8, 10, 9, 11], "texture": "#0"},
				"west": {"uv": [8, 10, 9, 11], "texture": "#0"},
				"up": {"uv": [8, 10, 9, 11], "texture": "#0"},
				"down": {"uv": [8, 10, 9, 11], "texture": "#0"}
			}
		},
		{
			"from": [8, 5, 7.5],
			"to": [10, 6, 8.5],
			"faces": {
				"north": {"uv": [12, 10, 10, 11], "texture": "#0"},
				"east": {"uv": [11, 10, 12, 11], "texture": "#0"},
				"south": {"uv": [10, 10, 12, 11], "texture": "#0"},
				"west": {"uv": [10, 10, 11, 11], "texture": "#0"},
				"up": {"uv": [10, 10, 12, 11], "texture": "#0"},
				"down": {"uv": [10, 10, 12, 11], "texture": "#0"}
			}
		},
		{
			"from": [12, 8, 7.5],
			"to": [13, 10, 8.5],
			"faces": {
				"north": {"uv": [15, 6, 14, 8], "texture": "#0"},
				"east": {"uv": [15, 6, 14, 8], "texture": "#0"},
				"south": {"uv": [14, 6, 15, 8], "texture": "#0"},
				"west": {"uv": [14, 6, 15, 8], "texture": "#0"},
				"up": {"uv": [14, 6, 15, 7], "texture": "#0"},
				"down": {"uv": [14, 7, 15, 8], "texture": "#0"}
			}
		},
		{
			"from": [12, 6, 7.5],
			"to": [13, 7, 8.5],
			"faces": {
				"north": {"uv": [15, 9, 14, 10], "texture": "#0"},
				"east": {"uv": [15, 9, 14, 10], "texture": "#0"},
				"south": {"uv": [14, 9, 15, 10], "texture": "#0"},
				"west": {"uv": [14, 9, 15, 10], "texture": "#0"},
				"up": {"uv": [14, 9, 15, 10], "texture": "#0"},
				"down": {"uv": [14, 10, 15, 9], "texture": "#0"}
			}
		},
		{
			"from": [11, 5, 7.5],
			"to": [12, 10, 8.5],
			"faces": {
				"north": {"uv": [14, 6, 13, 11], "texture": "#0"},
				"east": {"uv": [13, 6, 14, 11], "texture": "#0"},
				"south": {"uv": [13, 6, 14, 11], "texture": "#0"},
				"west": {"uv": [13, 6, 14, 11], "texture": "#0"},
				"up": {"uv": [13, 6, 14, 7], "texture": "#0"},
				"down": {"uv": [13, 10, 14, 11], "texture": "#0"}
			}
		},
		{
			"from": [1, 2, 7.5],
			"to": [2, 3, 8.5],
			"faces": {
				"north": {"uv": [4, 13, 3, 14], "texture": "#0"},
				"east": {"uv": [3, 13, 4, 14], "texture": "#0"},
				"south": {"uv": [3, 13, 4, 14], "texture": "#0"},
				"west": {"uv": [3, 13, 4, 14], "texture": "#0"},
				"up": {"uv": [3, 13, 4, 14], "texture": "#0"},
				"down": {"uv": [3, 13, 4, 14], "texture": "#0"}
			}
		},
		{
			"from": [4, 4, 7.5],
			"to": [6, 6, 8.5],
			"faces": {
				"north": {"uv": [8, 10, 6, 12], "texture": "#0"},
				"east": {"uv": [7, 10, 8, 12], "texture": "#0"},
				"south": {"uv": [6, 10, 8, 12], "texture": "#0"},
				"west": {"uv": [6, 10, 7, 12], "texture": "#0"},
				"up": {"uv": [6, 10, 8, 11], "texture": "#0"},
				"down": {"uv": [6, 11, 8, 12], "texture": "#0"}
			}
		},
		{
			"from": [7, 11, 7.5],
			"to": [9, 13, 8.5],
			"faces": {
				"north": {"uv": [11, 3, 9, 5], "texture": "#0"},
				"east": {"uv": [10, 3, 11, 5], "texture": "#0"},
				"south": {"uv": [9, 3, 11, 5], "texture": "#0"},
				"west": {"uv": [9, 3, 10, 5], "texture": "#0"},
				"up": {"uv": [9, 3, 11, 4], "texture": "#0"},
				"down": {"uv": [9, 4, 11, 5], "texture": "#0"}
			}
		},
		{
			"from": [4, 9, 7.5],
			"to": [6, 11, 8.5],
			"faces": {
				"north": {"uv": [8, 5, 6, 7], "texture": "#0"},
				"east": {"uv": [7, 5, 8, 7], "texture": "#0"},
				"south": {"uv": [6, 5, 8, 7], "texture": "#0"},
				"west": {"uv": [6, 5, 7, 7], "texture": "#0"},
				"up": {"uv": [6, 5, 8, 6], "texture": "#0"},
				"down": {"uv": [6, 6, 8, 7], "texture": "#0"}
			}
		},
		{
			"from": [6, 6, 7.5],
			"to": [11, 11, 8.5],
			"faces": {
				"north": {"uv": [13, 5, 8, 10], "texture": "#0"},
				"east": {"uv": [12, 5, 13, 10], "texture": "#0"},
				"south": {"uv": [8, 5, 13, 10], "texture": "#0"},
				"west": {"uv": [8, 5, 9, 10], "texture": "#0"},
				"up": {"uv": [8, 5, 13, 6], "texture": "#0"},
				"down": {"uv": [8, 9, 13, 10], "texture": "#0"}
			}
		},
		{
			"from": [3, 11, 7.5],
			"to": [7, 15, 8.5],
			"faces": {
				"north": {"uv": [9, 1, 5, 5], "texture": "#0"},
				"east": {"uv": [8, 1, 9, 5], "texture": "#0"},
				"south": {"uv": [5, 1, 9, 5], "texture": "#0"},
				"west": {"uv": [5, 1, 6, 5], "texture": "#0"},
				"up": {"uv": [5, 1, 9, 2], "texture": "#0"},
				"down": {"uv": [5, 5, 9, 4], "texture": "#0"}
			}
		},
		{
			"from": [1, 9, 7.5],
			"to": [3, 13, 8.5],
			"faces": {
				"north": {"uv": [5, 3, 3, 7], "texture": "#0"},
				"east": {"uv": [4, 3, 5, 7], "texture": "#0"},
				"south": {"uv": [3, 3, 5, 7], "texture": "#0"},
				"west": {"uv": [3, 3, 4, 7], "texture": "#0"},
				"up": {"uv": [3, 3, 5, 4], "texture": "#0"},
				"down": {"uv": [3, 7, 5, 6], "texture": "#0"}
			}
		},
		{
			"from": [4, 15, 7.5],
			"to": [9, 16, 8.5],
			"faces": {
				"north": {"uv": [11, 0, 6, 1], "texture": "#0"},
				"east": {"uv": [10, 0, 11, 1], "texture": "#0"},
				"south": {"uv": [6, 0, 11, 1], "texture": "#0"},
				"west": {"uv": [6, 0, 7, 1], "texture": "#0"},
				"up": {"uv": [6, 0, 11, 1], "texture": "#0"},
				"down": {"uv": [6, 1, 11, 0], "texture": "#0"}
			}
		},
		{
			"from": [7, 14, 7.5],
			"to": [10, 15, 8.5],
			"faces": {
				"north": {"uv": [12, 1, 9, 2], "texture": "#0"},
				"east": {"uv": [11, 1, 12, 2], "texture": "#0"},
				"south": {"uv": [9, 1, 12, 2], "texture": "#0"},
				"west": {"uv": [9, 1, 10, 2], "texture": "#0"},
				"up": {"uv": [9, 1, 12, 2], "texture": "#0"},
				"down": {"uv": [9, 2, 12, 1], "texture": "#0"}
			}
		}
	],
	"groups": [
		{
			"name": "axe",
			"origin": [0, 0, 0],
			"color": 0,
			"children": [0, 1, 2, 3, 4, 5, 6, 7, 8, 9, 10, 11, 12, 13, 14, 15, 16, 17, 18, 19, 20, 21, 22, 23, 24, 25, 26, 27]
		}
	]
}